<NewDataSet>
  <xs:schema id="NewDataSet" xmlns="" xmlns:xs="http://www.w3.org/2001/XMLSchema" xmlns:msdata="urn:schemas-microsoft-com:xml-msdata">
    <xs:element name="NewDataSet" msdata:IsDataSet="true" msdata:UseCurrentLocale="true">
      <xs:complexType>
        <xs:choice minOccurs="0" maxOccurs="unbounded">
          <xs:element name="Table1">
            <xs:complexType>
              <xs:sequence>
                <xs:element name="ADI" type="xs:string" minOccurs="0" />
                <xs:element name="KODU" type="xs:long" minOccurs="0" />
                <xs:element name="AKTIF" type="xs:boolean" minOccurs="0" />
                <xs:element name="OLUSTURULMATARIHI" type="xs:dateTime" minOccurs="0" />
                <xs:element name="GUNCELLEMETARIHI" type="xs:dateTime" minOccurs="0" />
                <xs:element name="PASIFEALINMATARIHI" type="xs:dateTime" minOccurs="0" />
              </xs:sequence>
            </xs:complexType>
          </xs:element>
        </xs:choice>
      </xs:complexType>
    </xs:element>
  </xs:schema>
  <Table1>
    <ADI>TAKVİM DIŞI KKK AŞISI</ADI>
    <KODU>99</KODU>
    <AKTIF>false</AKTIF>
    <OLUSTURULMATARIHI>2013-01-21T00:00:00+02:00</OLUSTURULMATARIHI>
    <GUNCELLEMETARIHI>2015-11-12T21:06:07.971+02:00</GUNCELLEMETARIHI>
  </Table1>
  <Table1>
    <ADI>BİVALAN OPA (ORAL POLİO AŞISI)</ADI>
    <KODU>1</KODU>
    <AKTIF>true</AKTIF>
    <OLUSTURULMATARIHI>2015-11-12T21:06:00.618+02:00</OLUSTURULMATARIHI>
    <GUNCELLEMETARIHI>2015-11-12T21:06:07.971+02:00</GUNCELLEMETARIHI>
  </Table1>
  <Table1>
    <ADI>SARIHUMMA</ADI>
    <KODU>4</KODU>
    <AKTIF>true</AKTIF>
    <OLUSTURULMATARIHI>2015-11-12T21:06:00.618+02:00</OLUSTURULMATARIHI>
    <GUNCELLEMETARIHI>2015-11-12T21:06:07.971+02:00</GUNCELLEMETARIHI>
  </Table1>
  <Table1>
    <ADI>TİFO</ADI>
    <KODU>7</KODU>
    <AKTIF>true</AKTIF>
    <OLUSTURULMATARIHI>2015-11-12T21:06:00.618+02:00</OLUSTURULMATARIHI>
    <GUNCELLEMETARIHI>2015-11-12T21:06:07.971+02:00</GUNCELLEMETARIHI>
  </Table1>
  <Table1>
    <ADI>KOLERA</ADI>
    <KODU>10</KODU>
    <AKTIF>true</AKTIF>
    <OLUSTURULMATARIHI>2015-11-12T21:06:00.618+02:00</OLUSTURULMATARIHI>
    <GUNCELLEMETARIHI>2015-11-12T21:06:07.971+02:00</GUNCELLEMETARIHI>
  </Table1>
  <Table1>
    <ADI>KENE KAYNAKLI ENSEFALİT</ADI>
    <KODU>14</KODU>
    <AKTIF>true</AKTIF>
    <OLUSTURULMATARIHI>2015-11-12T21:06:00.618+02:00</OLUSTURULMATARIHI>
    <GUNCELLEMETARIHI>2015-11-12T21:06:07.971+02:00</GUNCELLEMETARIHI>
  </Table1>
  <Table1>
    <ADI>Tdap (TETANOZ - Difteri - ASELÜLER BOĞMACA)</ADI>
    <KODU>134</KODU>
    <AKTIF>true</AKTIF>
    <OLUSTURULMATARIHI>2015-11-12T21:06:00.618+02:00</OLUSTURULMATARIHI>
    <GUNCELLEMETARIHI>2015-11-12T21:06:07.971+02:00</GUNCELLEMETARIHI>
  </Table1>
  <Table1>
    <ADI>MR (KIZAMIK KIZAMIKÇIK)</ADI>
    <KODU>11</KODU>
    <AKTIF>true</AKTIF>
    <OLUSTURULMATARIHI>2015-11-12T21:06:00.618+02:00</OLUSTURULMATARIHI>
    <GUNCELLEMETARIHI>2015-11-12T21:06:07.971+02:00</GUNCELLEMETARIHI>
  </Table1>
  <Table1>
    <ADI>KONJUGE MENİNGOKOK AŞISI</ADI>
    <KODU>15</KODU>
    <AKTIF>true</AKTIF>
    <OLUSTURULMATARIHI>2015-11-12T21:06:00.618+02:00</OLUSTURULMATARIHI>
    <GUNCELLEMETARIHI>2015-11-12T21:06:07.971+02:00</GUNCELLEMETARIHI>
  </Table1>
  <Table1>
    <ADI>KPA 10</ADI>
    <KODU>17</KODU>
    <AKTIF>true</AKTIF>
    <OLUSTURULMATARIHI>2015-11-12T21:06:00.618+02:00</OLUSTURULMATARIHI>
    <GUNCELLEMETARIHI>2015-11-12T21:06:07.971+02:00</GUNCELLEMETARIHI>
  </Table1>
  <Table1>
    <ADI>İNAKTİVE POLİO AŞISI
</ADI>
    <KODU>60</KODU>
    <AKTIF>true</AKTIF>
    <OLUSTURULMATARIHI>2018-04-04T00:00:00+03:00</OLUSTURULMATARIHI>
  </Table1>
  <Table1>
    <ADI>İNOSINE PROBENEX</ADI>
    <KODU>207</KODU>
    <AKTIF>true</AKTIF>
    <OLUSTURULMATARIHI>2016-10-25T00:00:00+03:00</OLUSTURULMATARIHI>
    <GUNCELLEMETARIHI>2016-10-25T16:55:03.687+03:00</GUNCELLEMETARIHI>
  </Table1>
  <Table1>
    <ADI>DABT-İPA-HİB-HEP B (6'LI KOMBİNE AŞI)</ADI>
    <KODU>132</KODU>
    <AKTIF>true</AKTIF>
    <OLUSTURULMATARIHI>2013-01-08T00:00:00+02:00</OLUSTURULMATARIHI>
    <GUNCELLEMETARIHI>2013-01-08T09:36:46.302+02:00</GUNCELLEMETARIHI>
  </Table1>
  <Table1>
    <ADI>TAKVİM DISI OPA AŞISI</ADI>
    <KODU>250</KODU>
    <AKTIF>false</AKTIF>
    <OLUSTURULMATARIHI>2014-06-05T00:00:00+03:00</OLUSTURULMATARIHI>
    <GUNCELLEMETARIHI>2015-11-12T21:06:07.971+02:00</GUNCELLEMETARIHI>
  </Table1>
  <Table1>
    <ADI>ADSORBE TETANOZ AŞISI</ADI>
    <KODU>35</KODU>
    <AKTIF>true</AKTIF>
    <OLUSTURULMATARIHI>2012-08-08T17:50:18+03:00</OLUSTURULMATARIHI>
  </Table1>
  <Table1>
    <ADI>AKREP ANTİSERUMU</ADI>
    <KODU>203</KODU>
    <AKTIF>true</AKTIF>
    <OLUSTURULMATARIHI>2012-08-08T17:50:18+03:00</OLUSTURULMATARIHI>
  </Table1>
  <Table1>
    <ADI>AT KAYNAKLI KUDUZ ANTİSERUMU</ADI>
    <KODU>201</KODU>
    <AKTIF>true</AKTIF>
    <OLUSTURULMATARIHI>2012-08-08T17:50:18+03:00</OLUSTURULMATARIHI>
  </Table1>
  <Table1>
    <ADI>AT KAYNAKLI TETANOZ ANTİSERUMU</ADI>
    <KODU>202</KODU>
    <AKTIF>true</AKTIF>
    <OLUSTURULMATARIHI>2012-08-08T17:50:18+03:00</OLUSTURULMATARIHI>
  </Table1>
  <Table1>
    <ADI>BCG AŞISI</ADI>
    <KODU>16</KODU>
    <AKTIF>true</AKTIF>
    <OLUSTURULMATARIHI>2012-08-08T17:50:18+03:00</OLUSTURULMATARIHI>
  </Table1>
  <Table1>
    <ADI>DABT-İPA AŞISI (4'LÜ KARMA AŞI)</ADI>
    <KODU>130</KODU>
    <AKTIF>true</AKTIF>
    <OLUSTURULMATARIHI>2012-08-08T17:50:18+03:00</OLUSTURULMATARIHI>
  </Table1>
  <Table1>
    <ADI>DABT-İPA-HİB AŞISI (5'Lİ KARMA AŞI)</ADI>
    <KODU>120</KODU>
    <AKTIF>true</AKTIF>
    <OLUSTURULMATARIHI>2012-08-08T17:50:18+03:00</OLUSTURULMATARIHI>
  </Table1>
  <Table1>
    <ADI>DABT-İPA-HİB AŞISI (5'Lİ KARMA AŞI)(ESKİ AŞI KODLU)</ADI>
    <KODU>58</KODU>
    <AKTIF>false</AKTIF>
    <OLUSTURULMATARIHI>2012-08-08T17:50:18+03:00</OLUSTURULMATARIHI>
    <GUNCELLEMETARIHI>2015-11-12T21:06:07.971+02:00</GUNCELLEMETARIHI>
  </Table1>
  <Table1>
    <ADI>DİFTERİ ANTİSERUMU</ADI>
    <KODU>12</KODU>
    <AKTIF>true</AKTIF>
    <OLUSTURULMATARIHI>2012-08-08T17:50:18+03:00</OLUSTURULMATARIHI>
  </Table1>
  <Table1>
    <ADI>DOMUZ GRİBİ AŞISI</ADI>
    <KODU>127</KODU>
    <AKTIF>false</AKTIF>
    <OLUSTURULMATARIHI>2012-08-08T17:50:18+03:00</OLUSTURULMATARIHI>
    <GUNCELLEMETARIHI>2015-11-12T21:06:07.971+02:00</GUNCELLEMETARIHI>
  </Table1>
  <Table1>
    <ADI>DÖRT VALANLI HPV AŞISI (HUMAN PAPİLLOMA VİRUS AŞISI)</ADI>
    <KODU>62</KODU>
    <AKTIF>true</AKTIF>
    <OLUSTURULMATARIHI>2012-08-08T17:50:18+03:00</OLUSTURULMATARIHI>
  </Table1>
  <Table1>
    <ADI>DT PEDİATRİK (PEDİATRİK TİP TETANOZ DİFTERİ AŞISI)</ADI>
    <KODU>28</KODU>
    <AKTIF>true</AKTIF>
    <OLUSTURULMATARIHI>2012-08-08T17:50:18+03:00</OLUSTURULMATARIHI>
  </Table1>
  <Table1>
    <ADI>HAEMOPHİLUS İNFLUENZA TİP B AŞISI</ADI>
    <KODU>46</KODU>
    <AKTIF>true</AKTIF>
    <OLUSTURULMATARIHI>2012-08-08T17:50:18+03:00</OLUSTURULMATARIHI>
  </Table1>
  <Table1>
    <ADI>HEPATİT A AŞISI ERİŞKİN</ADI>
    <KODU>52</KODU>
    <AKTIF>true</AKTIF>
    <OLUSTURULMATARIHI>2012-08-08T17:50:19+03:00</OLUSTURULMATARIHI>
  </Table1>
  <Table1>
    <ADI>HEPATİT A AŞISI PEDİATRİK</ADI>
    <KODU>83</KODU>
    <AKTIF>true</AKTIF>
    <OLUSTURULMATARIHI>2012-08-08T17:50:19+03:00</OLUSTURULMATARIHI>
  </Table1>
  <Table1>
    <ADI>HEPATİT B AŞISI PEDİATRİK</ADI>
    <KODU>8</KODU>
    <AKTIF>true</AKTIF>
    <OLUSTURULMATARIHI>2012-08-08T17:50:19+03:00</OLUSTURULMATARIHI>
    <GUNCELLEMETARIHI>2016-02-08T16:23:48.747+02:00</GUNCELLEMETARIHI>
  </Table1>
  <Table1>
    <ADI>HEPATİT B ERİŞKİN</ADI>
    <KODU>43</KODU>
    <AKTIF>true</AKTIF>
    <OLUSTURULMATARIHI>2012-08-08T17:50:19+03:00</OLUSTURULMATARIHI>
  </Table1>
  <Table1>
    <ADI>İKİ VALANLI HPV AŞISI (HUMAN PAPİLLOMA VİRUS AŞISI)</ADI>
    <KODU>118</KODU>
    <AKTIF>true</AKTIF>
    <OLUSTURULMATARIHI>2012-08-08T17:50:19+03:00</OLUSTURULMATARIHI>
  </Table1>
  <Table1>
    <ADI>İNSAN KAYNAKLI KUDUZ ANTİSERUMU</ADI>
    <KODU>34</KODU>
    <AKTIF>true</AKTIF>
    <OLUSTURULMATARIHI>2012-08-08T17:50:19+03:00</OLUSTURULMATARIHI>
  </Table1>
  <Table1>
    <ADI>İNSAN KAYNAKLI TETANOZ ANTİSERUMU</ADI>
    <KODU>13</KODU>
    <AKTIF>true</AKTIF>
    <OLUSTURULMATARIHI>2012-08-08T17:50:19+03:00</OLUSTURULMATARIHI>
  </Table1>
  <Table1>
    <ADI>JAPON ENSAFALİTİ AŞISI</ADI>
    <KODU>39</KODU>
    <AKTIF>true</AKTIF>
    <OLUSTURULMATARIHI>2012-08-08T17:50:19+03:00</OLUSTURULMATARIHI>
  </Table1>
  <Table1>
    <ADI>KIZAMIK AŞISI</ADI>
    <KODU>5</KODU>
    <AKTIF>true</AKTIF>
    <OLUSTURULMATARIHI>2012-08-08T17:50:19+03:00</OLUSTURULMATARIHI>
  </Table1>
  <Table1>
    <ADI>KIZAMIKÇIK AŞISI</ADI>
    <KODU>6</KODU>
    <AKTIF>true</AKTIF>
    <OLUSTURULMATARIHI>2012-08-08T17:50:19+03:00</OLUSTURULMATARIHI>
  </Table1>
  <Table1>
    <ADI>KKK (KIZAMIK KIZAMIKÇIK KABAKULAK AŞISI)</ADI>
    <KODU>3</KODU>
    <AKTIF>true</AKTIF>
    <OLUSTURULMATARIHI>2012-08-08T17:50:19+03:00</OLUSTURULMATARIHI>
  </Table1>
  <Table1>
    <ADI>KKK (KIZAMIK KIZAMIKÇIK KABAKULAK AŞISI)(ESKİ AŞI KODLU)</ADI>
    <KODU>40</KODU>
    <AKTIF>false</AKTIF>
    <OLUSTURULMATARIHI>2012-08-08T17:50:19+03:00</OLUSTURULMATARIHI>
    <GUNCELLEMETARIHI>2015-11-12T21:06:07.971+02:00</GUNCELLEMETARIHI>
  </Table1>
  <Table1>
    <ADI>KKKV AŞISI(KIZAMIK KIZAMIKÇIK KABAKULAK SUÇİÇEĞİ AŞISI)</ADI>
    <KODU>94</KODU>
    <AKTIF>true</AKTIF>
    <OLUSTURULMATARIHI>2012-08-08T17:50:19+03:00</OLUSTURULMATARIHI>
  </Table1>
  <Table1>
    <ADI>KONJUGE MENENGOKOK AŞISI (ACWY)</ADI>
    <KODU>204</KODU>
    <AKTIF>true</AKTIF>
    <OLUSTURULMATARIHI>2012-08-08T17:50:19+03:00</OLUSTURULMATARIHI>
    <GUNCELLEMETARIHI>2015-11-12T21:06:07.971+02:00</GUNCELLEMETARIHI>
  </Table1>
  <Table1>
    <ADI>KPA 13 VALANLI (KONJUGE PNÖMOKOK AŞISI 13 VALANLI)</ADI>
    <KODU>133</KODU>
    <AKTIF>true</AKTIF>
    <OLUSTURULMATARIHI>2012-08-08T17:50:19+03:00</OLUSTURULMATARIHI>
  </Table1>
  <Table1>
    <ADI>KUDUZ AŞISI</ADI>
    <KODU>18</KODU>
    <AKTIF>true</AKTIF>
    <OLUSTURULMATARIHI>2012-08-08T17:50:19+03:00</OLUSTURULMATARIHI>
  </Table1>
  <Table1>
    <ADI>KUDUZ AŞISI(ESKİ AŞI KODLU)</ADI>
    <KODU>47</KODU>
    <AKTIF>false</AKTIF>
    <OLUSTURULMATARIHI>2012-08-08T17:50:19+03:00</OLUSTURULMATARIHI>
    <GUNCELLEMETARIHI>2015-11-12T21:06:07.971+02:00</GUNCELLEMETARIHI>
  </Table1>
  <Table1>
    <ADI>MEVSİMSEL İNFLUENZA AŞISI (GRİP AŞISI)</ADI>
    <KODU>141</KODU>
    <AKTIF>true</AKTIF>
    <OLUSTURULMATARIHI>2012-08-08T17:50:20+03:00</OLUSTURULMATARIHI>
  </Table1>
  <Table1>
    <ADI>MONOVALAN ROTAVİRUS AŞISI</ADI>
    <KODU>119</KODU>
    <AKTIF>true</AKTIF>
    <OLUSTURULMATARIHI>2012-08-08T17:50:20+03:00</OLUSTURULMATARIHI>
  </Table1>
  <Table1>
    <ADI>TRİVALAN OPA (ORAL POLİO AŞISI)</ADI>
    <KODU>2</KODU>
    <AKTIF>false</AKTIF>
    <OLUSTURULMATARIHI>2012-08-08T17:50:20+03:00</OLUSTURULMATARIHI>
    <GUNCELLEMETARIHI>2016-12-28T09:43:04+03:00</GUNCELLEMETARIHI>
  </Table1>
  <Table1>
    <ADI>PENTEVALAN ROTAVİRUS AŞISI</ADI>
    <KODU>116</KODU>
    <AKTIF>true</AKTIF>
    <OLUSTURULMATARIHI>2012-08-08T17:50:20+03:00</OLUSTURULMATARIHI>
  </Table1>
  <Table1>
    <ADI>POLİSAKKARİT MENENGOKOK AŞISI</ADI>
    <KODU>32</KODU>
    <AKTIF>true</AKTIF>
    <OLUSTURULMATARIHI>2012-08-08T17:50:20+03:00</OLUSTURULMATARIHI>
    <GUNCELLEMETARIHI>2015-11-12T21:06:07.971+02:00</GUNCELLEMETARIHI>
  </Table1>
  <Table1>
    <ADI>POLİSAKKARİT PNÖMOKOK AŞISI 23 VALANLI</ADI>
    <KODU>33</KODU>
    <AKTIF>true</AKTIF>
    <OLUSTURULMATARIHI>2012-08-08T17:50:20+03:00</OLUSTURULMATARIHI>
  </Table1>
  <Table1>
    <ADI>PPD SOLÜSYONU</ADI>
    <KODU>96</KODU>
    <AKTIF>true</AKTIF>
    <OLUSTURULMATARIHI>2012-08-08T17:50:20+03:00</OLUSTURULMATARIHI>
  </Table1>
  <Table1>
    <ADI>SUÇİÇEĞİ AŞISI</ADI>
    <KODU>21</KODU>
    <AKTIF>true</AKTIF>
    <OLUSTURULMATARIHI>2012-08-08T17:50:20+03:00</OLUSTURULMATARIHI>
  </Table1>
  <Table1>
    <ADI>TD ADULT (ERİŞKİN TİP TETANOZ DİFTERİ AŞISI)</ADI>
    <KODU>9</KODU>
    <AKTIF>true</AKTIF>
    <OLUSTURULMATARIHI>2012-08-08T17:50:20+03:00</OLUSTURULMATARIHI>
  </Table1>
  <Table1>
    <ADI>TETRA VALAN ROTA VİRUS AŞISI</ADI>
    <KODU>74</KODU>
    <AKTIF>true</AKTIF>
    <OLUSTURULMATARIHI>2012-08-08T17:50:20+03:00</OLUSTURULMATARIHI>
  </Table1>
  <Table1>
    <ADI>YILAN ANTİSERUMU</ADI>
    <KODU>205</KODU>
    <AKTIF>true</AKTIF>
    <OLUSTURULMATARIHI>2012-08-08T17:50:20+03:00</OLUSTURULMATARIHI>
  </Table1>
  <Table1>
    <ADI>KONJUGE MENINGOKOK SEROGRUP B</ADI>
    <KODU>206</KODU>
    <AKTIF>true</AKTIF>
    <OLUSTURULMATARIHI>2019-05-15T00:00:00+03:00</OLUSTURULMATARIHI>
    <GUNCELLEMETARIHI>2019-05-15T14:39:43.249+03:00</GUNCELLEMETARIHI>
  </Table1>
  <Table1>
    <ADI>COVID-19 Atenüe</ADI>
    <KODU>178</KODU>
    <AKTIF>false</AKTIF>
    <OLUSTURULMATARIHI>2020-12-21T14:36:54+03:00</OLUSTURULMATARIHI>
    <GUNCELLEMETARIHI>2020-12-29T14:39:41.317+03:00</GUNCELLEMETARIHI>
  </Table1>
  <Table1>
    <ADI>COVID-19 İnaktif (Sinovac)</ADI>
    <KODU>188</KODU>
    <AKTIF>true</AKTIF>
    <OLUSTURULMATARIHI>2020-12-21T14:38:31+03:00</OLUSTURULMATARIHI>
    <GUNCELLEMETARIHI>2021-03-25T10:57:36.567+03:00</GUNCELLEMETARIHI>
  </Table1>
  <Table1>
    <ADI>COVID-19 mRNA (Biontech)</ADI>
    <KODU>88</KODU>
    <AKTIF>true</AKTIF>
    <OLUSTURULMATARIHI>2020-12-21T14:39:10+03:00</OLUSTURULMATARIHI>
    <GUNCELLEMETARIHI>2021-03-25T10:56:56.397+03:00</GUNCELLEMETARIHI>
  </Table1>
  <Table1>
    <ADI>SPUTNIK V DOZ 1 Vektör</ADI>
    <KODU>171</KODU>
    <AKTIF>true</AKTIF>
    <OLUSTURULMATARIHI>2021-06-04T16:17:49.833+03:00</OLUSTURULMATARIHI>
  </Table1>
  <Table1>
    <ADI>SPUTNIK V DOZ 2 Vektör</ADI>
    <KODU>172</KODU>
    <AKTIF>true</AKTIF>
    <OLUSTURULMATARIHI>2021-06-04T16:18:24.233+03:00</OLUSTURULMATARIHI>
  </Table1>
  <Table1>
    <ADI>VAXZEVRIA Vektör</ADI>
    <KODU>173</KODU>
    <AKTIF>true</AKTIF>
    <OLUSTURULMATARIHI>2021-06-04T16:19:03.05+03:00</OLUSTURULMATARIHI>
  </Table1>
  <Table1>
    <ADI>SINOPHARM BBIBP-CorV İnaktif</ADI>
    <KODU>174</KODU>
    <AKTIF>true</AKTIF>
    <OLUSTURULMATARIHI>2021-06-04T16:19:53.927+03:00</OLUSTURULMATARIHI>
  </Table1>
  <Table1>
    <ADI>MODERNA COVID-19 mRNA</ADI>
    <KODU>175</KODU>
    <AKTIF>true</AKTIF>
    <OLUSTURULMATARIHI>2021-06-04T16:20:49.423+03:00</OLUSTURULMATARIHI>
  </Table1>
  <Table1>
    <ADI>JOHNSON &amp; JOHNSON COVID-19 Viral Vektör</ADI>
    <KODU>176</KODU>
    <AKTIF>true</AKTIF>
    <OLUSTURULMATARIHI>2021-06-04T16:21:59.103+03:00</OLUSTURULMATARIHI>
  </Table1>
  <Table1>
    <ADI>FAZ GÖNÜLLÜSÜ AŞI</ADI>
    <KODU>170</KODU>
    <AKTIF>true</AKTIF>
    <OLUSTURULMATARIHI>2021-08-31T12:14:26.11+03:00</OLUSTURULMATARIHI>
  </Table1>
  <Table1>
    <ADI>TURKOVAC (COV19 İnaktif)</ADI>
    <KODU>453</KODU>
    <AKTIF>true</AKTIF>
    <OLUSTURULMATARIHI>2021-12-27T20:12:37.373+03:00</OLUSTURULMATARIHI>
  </Table1>
  <Table1>
    <ADI>DOKUZ VALANLI HPV AŞISI (HUMAN PAPİLLOMA VİRUS AŞISI)</ADI>
    <KODU>19</KODU>
    <AKTIF>true</AKTIF>
    <OLUSTURULMATARIHI>2022-09-26T00:00:00+03:00</OLUSTURULMATARIHI>
  </Table1>
</NewDataSet>