<NewDataSet>
  <xs:schema id="NewDataSet" xmlns="" xmlns:xs="http://www.w3.org/2001/XMLSchema" xmlns:msdata="urn:schemas-microsoft-com:xml-msdata">
    <xs:element name="NewDataSet" msdata:IsDataSet="true" msdata:UseCurrentLocale="true">
      <xs:complexType>
        <xs:choice minOccurs="0" maxOccurs="unbounded">
          <xs:element name="Table1">
            <xs:complexType>
              <xs:sequence>
                <xs:element name="ADI" type="xs:string" minOccurs="0" />
                <xs:element name="KODU" type="xs:long" minOccurs="0" />
                <xs:element name="AKTIF" type="xs:boolean" minOccurs="0" />
                <xs:element name="OLUSTURULMATARIHI" type="xs:dateTime" minOccurs="0" />
                <xs:element name="GUNCELLEMETARIHI" type="xs:dateTime" minOccurs="0" />
                <xs:element name="PASIFEALINMATARIHI" type="xs:string" minOccurs="0" />
              </xs:sequence>
            </xs:complexType>
          </xs:element>
        </xs:choice>
      </xs:complexType>
    </xs:element>
  </xs:schema>
  <Table1>
    <ADI>ADANA</ADI>
    <KODU>1</KODU>
    <AKTIF>true</AKTIF>
    <OLUSTURULMATARIHI>2015-06-06T07:23:18.392+03:00</OLUSTURULMATARIHI>
    <GUNCELLEMETARIHI>2015-06-06T07:23:18.392+03:00</GUNCELLEMETARIHI>
  </Table1>
  <Table1>
    <ADI>ADIYAMAN</ADI>
    <KODU>2</KODU>
    <AKTIF>true</AKTIF>
    <OLUSTURULMATARIHI>2015-06-06T07:23:18.392+03:00</OLUSTURULMATARIHI>
    <GUNCELLEMETARIHI>2015-06-06T07:23:18.392+03:00</GUNCELLEMETARIHI>
  </Table1>
  <Table1>
    <ADI>AFYONKARAHİSAR</ADI>
    <KODU>3</KODU>
    <AKTIF>true</AKTIF>
    <OLUSTURULMATARIHI>2015-06-06T07:23:18.392+03:00</OLUSTURULMATARIHI>
    <GUNCELLEMETARIHI>2015-06-06T07:23:18.392+03:00</GUNCELLEMETARIHI>
  </Table1>
  <Table1>
    <ADI>AĞRI</ADI>
    <KODU>4</KODU>
    <AKTIF>true</AKTIF>
    <OLUSTURULMATARIHI>2015-06-06T07:23:18.392+03:00</OLUSTURULMATARIHI>
    <GUNCELLEMETARIHI>2015-06-06T07:23:18.392+03:00</GUNCELLEMETARIHI>
  </Table1>
  <Table1>
    <ADI>AMASYA</ADI>
    <KODU>5</KODU>
    <AKTIF>true</AKTIF>
    <OLUSTURULMATARIHI>2015-06-06T07:23:18.392+03:00</OLUSTURULMATARIHI>
    <GUNCELLEMETARIHI>2015-06-06T07:23:18.392+03:00</GUNCELLEMETARIHI>
  </Table1>
  <Table1>
    <ADI>ANKARA</ADI>
    <KODU>6</KODU>
    <AKTIF>true</AKTIF>
    <OLUSTURULMATARIHI>2015-06-06T07:23:18.392+03:00</OLUSTURULMATARIHI>
    <GUNCELLEMETARIHI>2015-06-06T07:23:18.392+03:00</GUNCELLEMETARIHI>
  </Table1>
  <Table1>
    <ADI>ANTALYA</ADI>
    <KODU>7</KODU>
    <AKTIF>true</AKTIF>
    <OLUSTURULMATARIHI>2015-06-06T07:23:18.392+03:00</OLUSTURULMATARIHI>
    <GUNCELLEMETARIHI>2015-06-06T07:23:18.392+03:00</GUNCELLEMETARIHI>
  </Table1>
  <Table1>
    <ADI>ARTVİN</ADI>
    <KODU>8</KODU>
    <AKTIF>true</AKTIF>
    <OLUSTURULMATARIHI>2015-06-06T07:23:18.392+03:00</OLUSTURULMATARIHI>
    <GUNCELLEMETARIHI>2015-06-06T07:23:18.392+03:00</GUNCELLEMETARIHI>
  </Table1>
  <Table1>
    <ADI>AYDIN</ADI>
    <KODU>9</KODU>
    <AKTIF>true</AKTIF>
    <OLUSTURULMATARIHI>2015-06-06T07:23:18.392+03:00</OLUSTURULMATARIHI>
    <GUNCELLEMETARIHI>2015-06-06T07:23:18.392+03:00</GUNCELLEMETARIHI>
  </Table1>
  <Table1>
    <ADI>BALIKESİR</ADI>
    <KODU>10</KODU>
    <AKTIF>true</AKTIF>
    <OLUSTURULMATARIHI>2015-06-06T07:23:18.392+03:00</OLUSTURULMATARIHI>
    <GUNCELLEMETARIHI>2015-06-06T07:23:18.392+03:00</GUNCELLEMETARIHI>
  </Table1>
  <Table1>
    <ADI>BİLECİK</ADI>
    <KODU>11</KODU>
    <AKTIF>true</AKTIF>
    <OLUSTURULMATARIHI>2015-06-06T07:23:18.392+03:00</OLUSTURULMATARIHI>
    <GUNCELLEMETARIHI>2015-06-06T07:23:18.392+03:00</GUNCELLEMETARIHI>
  </Table1>
  <Table1>
    <ADI>BİNGÖL</ADI>
    <KODU>12</KODU>
    <AKTIF>true</AKTIF>
    <OLUSTURULMATARIHI>2015-06-06T07:23:18.392+03:00</OLUSTURULMATARIHI>
    <GUNCELLEMETARIHI>2015-06-06T07:23:18.392+03:00</GUNCELLEMETARIHI>
  </Table1>
  <Table1>
    <ADI>BİTLİS</ADI>
    <KODU>13</KODU>
    <AKTIF>true</AKTIF>
    <OLUSTURULMATARIHI>2015-06-06T07:23:18.392+03:00</OLUSTURULMATARIHI>
    <GUNCELLEMETARIHI>2015-06-06T07:23:18.392+03:00</GUNCELLEMETARIHI>
  </Table1>
  <Table1>
    <ADI>BOLU</ADI>
    <KODU>14</KODU>
    <AKTIF>true</AKTIF>
    <OLUSTURULMATARIHI>2015-06-06T07:23:18.392+03:00</OLUSTURULMATARIHI>
    <GUNCELLEMETARIHI>2015-06-06T07:23:18.392+03:00</GUNCELLEMETARIHI>
  </Table1>
  <Table1>
    <ADI>BURDUR</ADI>
    <KODU>15</KODU>
    <AKTIF>true</AKTIF>
    <OLUSTURULMATARIHI>2015-06-06T07:23:18.392+03:00</OLUSTURULMATARIHI>
    <GUNCELLEMETARIHI>2015-06-06T07:23:18.392+03:00</GUNCELLEMETARIHI>
  </Table1>
  <Table1>
    <ADI>BURSA</ADI>
    <KODU>16</KODU>
    <AKTIF>true</AKTIF>
    <OLUSTURULMATARIHI>2015-06-06T07:23:18.392+03:00</OLUSTURULMATARIHI>
    <GUNCELLEMETARIHI>2015-06-06T07:23:18.392+03:00</GUNCELLEMETARIHI>
  </Table1>
  <Table1>
    <ADI>ÇANAKKALE</ADI>
    <KODU>17</KODU>
    <AKTIF>true</AKTIF>
    <OLUSTURULMATARIHI>2015-06-06T07:23:18.392+03:00</OLUSTURULMATARIHI>
    <GUNCELLEMETARIHI>2015-06-06T07:23:18.392+03:00</GUNCELLEMETARIHI>
  </Table1>
  <Table1>
    <ADI>ÇANKIRI</ADI>
    <KODU>18</KODU>
    <AKTIF>true</AKTIF>
    <OLUSTURULMATARIHI>2015-06-06T07:23:18.392+03:00</OLUSTURULMATARIHI>
    <GUNCELLEMETARIHI>2015-06-06T07:23:18.392+03:00</GUNCELLEMETARIHI>
  </Table1>
  <Table1>
    <ADI>ÇORUM</ADI>
    <KODU>19</KODU>
    <AKTIF>true</AKTIF>
    <OLUSTURULMATARIHI>2015-06-06T07:23:18.392+03:00</OLUSTURULMATARIHI>
    <GUNCELLEMETARIHI>2015-06-06T07:23:18.392+03:00</GUNCELLEMETARIHI>
  </Table1>
  <Table1>
    <ADI>DENİZLİ</ADI>
    <KODU>20</KODU>
    <AKTIF>true</AKTIF>
    <OLUSTURULMATARIHI>2015-06-06T07:23:18.392+03:00</OLUSTURULMATARIHI>
    <GUNCELLEMETARIHI>2015-06-06T07:23:18.392+03:00</GUNCELLEMETARIHI>
  </Table1>
  <Table1>
    <ADI>DİYARBAKIR</ADI>
    <KODU>21</KODU>
    <AKTIF>true</AKTIF>
    <OLUSTURULMATARIHI>2015-06-06T07:23:18.392+03:00</OLUSTURULMATARIHI>
    <GUNCELLEMETARIHI>2015-06-06T07:23:18.392+03:00</GUNCELLEMETARIHI>
  </Table1>
  <Table1>
    <ADI>EDİRNE</ADI>
    <KODU>22</KODU>
    <AKTIF>true</AKTIF>
    <OLUSTURULMATARIHI>2015-06-06T07:23:18.392+03:00</OLUSTURULMATARIHI>
    <GUNCELLEMETARIHI>2015-06-06T07:23:18.392+03:00</GUNCELLEMETARIHI>
  </Table1>
  <Table1>
    <ADI>ELAZIĞ</ADI>
    <KODU>23</KODU>
    <AKTIF>true</AKTIF>
    <OLUSTURULMATARIHI>2015-06-06T07:23:18.392+03:00</OLUSTURULMATARIHI>
    <GUNCELLEMETARIHI>2015-06-06T07:23:18.392+03:00</GUNCELLEMETARIHI>
  </Table1>
  <Table1>
    <ADI>ERZİNCAN</ADI>
    <KODU>24</KODU>
    <AKTIF>true</AKTIF>
    <OLUSTURULMATARIHI>2015-06-06T07:23:18.392+03:00</OLUSTURULMATARIHI>
    <GUNCELLEMETARIHI>2015-06-06T07:23:18.392+03:00</GUNCELLEMETARIHI>
  </Table1>
  <Table1>
    <ADI>ERZURUM</ADI>
    <KODU>25</KODU>
    <AKTIF>true</AKTIF>
    <OLUSTURULMATARIHI>2015-06-06T07:23:18.392+03:00</OLUSTURULMATARIHI>
    <GUNCELLEMETARIHI>2015-06-06T07:23:18.392+03:00</GUNCELLEMETARIHI>
  </Table1>
  <Table1>
    <ADI>ESKİŞEHİR</ADI>
    <KODU>26</KODU>
    <AKTIF>true</AKTIF>
    <OLUSTURULMATARIHI>2015-06-06T07:23:18.392+03:00</OLUSTURULMATARIHI>
    <GUNCELLEMETARIHI>2015-06-06T07:23:18.392+03:00</GUNCELLEMETARIHI>
  </Table1>
  <Table1>
    <ADI>GAZİANTEP</ADI>
    <KODU>27</KODU>
    <AKTIF>true</AKTIF>
    <OLUSTURULMATARIHI>2015-06-06T07:23:18.392+03:00</OLUSTURULMATARIHI>
    <GUNCELLEMETARIHI>2015-06-06T07:23:18.392+03:00</GUNCELLEMETARIHI>
  </Table1>
  <Table1>
    <ADI>GİRESUN</ADI>
    <KODU>28</KODU>
    <AKTIF>true</AKTIF>
    <OLUSTURULMATARIHI>2015-06-06T07:23:18.392+03:00</OLUSTURULMATARIHI>
    <GUNCELLEMETARIHI>2015-06-06T07:23:18.392+03:00</GUNCELLEMETARIHI>
  </Table1>
  <Table1>
    <ADI>GÜMÜŞHANE</ADI>
    <KODU>29</KODU>
    <AKTIF>true</AKTIF>
    <OLUSTURULMATARIHI>2015-06-06T07:23:18.392+03:00</OLUSTURULMATARIHI>
    <GUNCELLEMETARIHI>2015-06-06T07:23:18.392+03:00</GUNCELLEMETARIHI>
  </Table1>
  <Table1>
    <ADI>HAKKARİ</ADI>
    <KODU>30</KODU>
    <AKTIF>true</AKTIF>
    <OLUSTURULMATARIHI>2015-06-06T07:23:18.392+03:00</OLUSTURULMATARIHI>
    <GUNCELLEMETARIHI>2015-06-06T07:23:18.392+03:00</GUNCELLEMETARIHI>
  </Table1>
  <Table1>
    <ADI>HATAY</ADI>
    <KODU>31</KODU>
    <AKTIF>true</AKTIF>
    <OLUSTURULMATARIHI>2015-06-06T07:23:18.392+03:00</OLUSTURULMATARIHI>
    <GUNCELLEMETARIHI>2015-06-06T07:23:18.392+03:00</GUNCELLEMETARIHI>
  </Table1>
  <Table1>
    <ADI>ISPARTA</ADI>
    <KODU>32</KODU>
    <AKTIF>true</AKTIF>
    <OLUSTURULMATARIHI>2015-06-06T07:23:18.392+03:00</OLUSTURULMATARIHI>
    <GUNCELLEMETARIHI>2015-06-06T07:23:18.392+03:00</GUNCELLEMETARIHI>
  </Table1>
  <Table1>
    <ADI>MERSİN</ADI>
    <KODU>33</KODU>
    <AKTIF>true</AKTIF>
    <OLUSTURULMATARIHI>2015-06-06T07:23:18.392+03:00</OLUSTURULMATARIHI>
    <GUNCELLEMETARIHI>2015-06-06T07:23:18.392+03:00</GUNCELLEMETARIHI>
  </Table1>
  <Table1>
    <ADI>İSTANBUL</ADI>
    <KODU>34</KODU>
    <AKTIF>true</AKTIF>
    <OLUSTURULMATARIHI>2015-06-06T07:23:18.392+03:00</OLUSTURULMATARIHI>
    <GUNCELLEMETARIHI>2015-06-06T07:23:18.392+03:00</GUNCELLEMETARIHI>
  </Table1>
  <Table1>
    <ADI>İZMİR</ADI>
    <KODU>35</KODU>
    <AKTIF>true</AKTIF>
    <OLUSTURULMATARIHI>2015-06-06T07:23:18.392+03:00</OLUSTURULMATARIHI>
    <GUNCELLEMETARIHI>2015-06-06T07:23:18.392+03:00</GUNCELLEMETARIHI>
  </Table1>
  <Table1>
    <ADI>KARS</ADI>
    <KODU>36</KODU>
    <AKTIF>true</AKTIF>
    <OLUSTURULMATARIHI>2015-06-06T07:23:18.392+03:00</OLUSTURULMATARIHI>
    <GUNCELLEMETARIHI>2015-06-06T07:23:18.392+03:00</GUNCELLEMETARIHI>
  </Table1>
  <Table1>
    <ADI>KASTAMONU</ADI>
    <KODU>37</KODU>
    <AKTIF>true</AKTIF>
    <OLUSTURULMATARIHI>2015-06-06T07:23:18.392+03:00</OLUSTURULMATARIHI>
    <GUNCELLEMETARIHI>2015-06-06T07:23:18.392+03:00</GUNCELLEMETARIHI>
  </Table1>
  <Table1>
    <ADI>KAYSERİ</ADI>
    <KODU>38</KODU>
    <AKTIF>true</AKTIF>
    <OLUSTURULMATARIHI>2015-06-06T07:23:18.392+03:00</OLUSTURULMATARIHI>
    <GUNCELLEMETARIHI>2015-06-06T07:23:18.392+03:00</GUNCELLEMETARIHI>
  </Table1>
  <Table1>
    <ADI>KIRKLARELİ</ADI>
    <KODU>39</KODU>
    <AKTIF>true</AKTIF>
    <OLUSTURULMATARIHI>2015-06-06T07:23:18.392+03:00</OLUSTURULMATARIHI>
    <GUNCELLEMETARIHI>2015-06-06T07:23:18.392+03:00</GUNCELLEMETARIHI>
  </Table1>
  <Table1>
    <ADI>KIRŞEHİR</ADI>
    <KODU>40</KODU>
    <AKTIF>true</AKTIF>
    <OLUSTURULMATARIHI>2015-06-06T07:23:18.392+03:00</OLUSTURULMATARIHI>
    <GUNCELLEMETARIHI>2015-06-06T07:23:18.392+03:00</GUNCELLEMETARIHI>
  </Table1>
  <Table1>
    <ADI>KOCAELİ</ADI>
    <KODU>41</KODU>
    <AKTIF>true</AKTIF>
    <OLUSTURULMATARIHI>2015-06-06T07:23:18.392+03:00</OLUSTURULMATARIHI>
    <GUNCELLEMETARIHI>2015-06-06T07:23:18.392+03:00</GUNCELLEMETARIHI>
  </Table1>
  <Table1>
    <ADI>KONYA</ADI>
    <KODU>42</KODU>
    <AKTIF>true</AKTIF>
    <OLUSTURULMATARIHI>2015-06-06T07:23:18.392+03:00</OLUSTURULMATARIHI>
    <GUNCELLEMETARIHI>2015-06-06T07:23:18.392+03:00</GUNCELLEMETARIHI>
  </Table1>
  <Table1>
    <ADI>KÜTAHYA</ADI>
    <KODU>43</KODU>
    <AKTIF>true</AKTIF>
    <OLUSTURULMATARIHI>2015-06-06T07:23:18.392+03:00</OLUSTURULMATARIHI>
    <GUNCELLEMETARIHI>2015-06-06T07:23:18.392+03:00</GUNCELLEMETARIHI>
  </Table1>
  <Table1>
    <ADI>MALATYA</ADI>
    <KODU>44</KODU>
    <AKTIF>true</AKTIF>
    <OLUSTURULMATARIHI>2015-06-06T07:23:18.392+03:00</OLUSTURULMATARIHI>
    <GUNCELLEMETARIHI>2015-06-06T07:23:18.392+03:00</GUNCELLEMETARIHI>
  </Table1>
  <Table1>
    <ADI>MANİSA</ADI>
    <KODU>45</KODU>
    <AKTIF>true</AKTIF>
    <OLUSTURULMATARIHI>2015-06-06T07:23:18.392+03:00</OLUSTURULMATARIHI>
    <GUNCELLEMETARIHI>2015-06-06T07:23:18.392+03:00</GUNCELLEMETARIHI>
  </Table1>
  <Table1>
    <ADI>KAHRAMANMARAŞ</ADI>
    <KODU>46</KODU>
    <AKTIF>true</AKTIF>
    <OLUSTURULMATARIHI>2015-06-06T07:23:18.392+03:00</OLUSTURULMATARIHI>
    <GUNCELLEMETARIHI>2015-06-06T07:23:18.392+03:00</GUNCELLEMETARIHI>
  </Table1>
  <Table1>
    <ADI>MARDİN</ADI>
    <KODU>47</KODU>
    <AKTIF>true</AKTIF>
    <OLUSTURULMATARIHI>2015-06-06T07:23:18.392+03:00</OLUSTURULMATARIHI>
    <GUNCELLEMETARIHI>2015-06-06T07:23:18.392+03:00</GUNCELLEMETARIHI>
  </Table1>
  <Table1>
    <ADI>MUĞLA</ADI>
    <KODU>48</KODU>
    <AKTIF>true</AKTIF>
    <OLUSTURULMATARIHI>2015-06-06T07:23:18.392+03:00</OLUSTURULMATARIHI>
    <GUNCELLEMETARIHI>2015-06-06T07:23:18.392+03:00</GUNCELLEMETARIHI>
  </Table1>
  <Table1>
    <ADI>MUŞ</ADI>
    <KODU>49</KODU>
    <AKTIF>true</AKTIF>
    <OLUSTURULMATARIHI>2015-06-06T07:23:18.392+03:00</OLUSTURULMATARIHI>
    <GUNCELLEMETARIHI>2015-06-06T07:23:18.392+03:00</GUNCELLEMETARIHI>
  </Table1>
  <Table1>
    <ADI>NEVŞEHİR</ADI>
    <KODU>50</KODU>
    <AKTIF>true</AKTIF>
    <OLUSTURULMATARIHI>2015-06-06T07:23:18.392+03:00</OLUSTURULMATARIHI>
    <GUNCELLEMETARIHI>2015-06-06T07:23:18.392+03:00</GUNCELLEMETARIHI>
  </Table1>
  <Table1>
    <ADI>NİĞDE</ADI>
    <KODU>51</KODU>
    <AKTIF>true</AKTIF>
    <OLUSTURULMATARIHI>2015-06-06T07:23:18.392+03:00</OLUSTURULMATARIHI>
    <GUNCELLEMETARIHI>2015-06-06T07:23:18.392+03:00</GUNCELLEMETARIHI>
  </Table1>
  <Table1>
    <ADI>ORDU</ADI>
    <KODU>52</KODU>
    <AKTIF>true</AKTIF>
    <OLUSTURULMATARIHI>2015-06-06T07:23:18.392+03:00</OLUSTURULMATARIHI>
    <GUNCELLEMETARIHI>2015-06-06T07:23:18.392+03:00</GUNCELLEMETARIHI>
  </Table1>
  <Table1>
    <ADI>RİZE</ADI>
    <KODU>53</KODU>
    <AKTIF>true</AKTIF>
    <OLUSTURULMATARIHI>2015-06-06T07:23:18.392+03:00</OLUSTURULMATARIHI>
    <GUNCELLEMETARIHI>2015-06-06T07:23:18.392+03:00</GUNCELLEMETARIHI>
  </Table1>
  <Table1>
    <ADI>SAKARYA</ADI>
    <KODU>54</KODU>
    <AKTIF>true</AKTIF>
    <OLUSTURULMATARIHI>2015-06-06T07:23:18.392+03:00</OLUSTURULMATARIHI>
    <GUNCELLEMETARIHI>2015-06-06T07:23:18.392+03:00</GUNCELLEMETARIHI>
  </Table1>
  <Table1>
    <ADI>SAMSUN</ADI>
    <KODU>55</KODU>
    <AKTIF>true</AKTIF>
    <OLUSTURULMATARIHI>2015-06-06T07:23:18.392+03:00</OLUSTURULMATARIHI>
    <GUNCELLEMETARIHI>2015-06-06T07:23:18.392+03:00</GUNCELLEMETARIHI>
  </Table1>
  <Table1>
    <ADI>SİİRT</ADI>
    <KODU>56</KODU>
    <AKTIF>true</AKTIF>
    <OLUSTURULMATARIHI>2015-06-06T07:23:18.392+03:00</OLUSTURULMATARIHI>
    <GUNCELLEMETARIHI>2015-06-06T07:23:18.392+03:00</GUNCELLEMETARIHI>
  </Table1>
  <Table1>
    <ADI>SİNOP</ADI>
    <KODU>57</KODU>
    <AKTIF>true</AKTIF>
    <OLUSTURULMATARIHI>2015-06-06T07:23:18.392+03:00</OLUSTURULMATARIHI>
    <GUNCELLEMETARIHI>2015-06-06T07:23:18.392+03:00</GUNCELLEMETARIHI>
  </Table1>
  <Table1>
    <ADI>SİVAS</ADI>
    <KODU>58</KODU>
    <AKTIF>true</AKTIF>
    <OLUSTURULMATARIHI>2015-06-06T07:23:18.392+03:00</OLUSTURULMATARIHI>
    <GUNCELLEMETARIHI>2015-06-06T07:23:18.392+03:00</GUNCELLEMETARIHI>
  </Table1>
  <Table1>
    <ADI>TEKİRDAĞ</ADI>
    <KODU>59</KODU>
    <AKTIF>true</AKTIF>
    <OLUSTURULMATARIHI>2015-06-06T07:23:18.392+03:00</OLUSTURULMATARIHI>
    <GUNCELLEMETARIHI>2015-06-06T07:23:18.392+03:00</GUNCELLEMETARIHI>
  </Table1>
  <Table1>
    <ADI>TOKAT</ADI>
    <KODU>60</KODU>
    <AKTIF>true</AKTIF>
    <OLUSTURULMATARIHI>2015-06-06T07:23:18.392+03:00</OLUSTURULMATARIHI>
    <GUNCELLEMETARIHI>2015-06-06T07:23:18.392+03:00</GUNCELLEMETARIHI>
  </Table1>
  <Table1>
    <ADI>TRABZON</ADI>
    <KODU>61</KODU>
    <AKTIF>true</AKTIF>
    <OLUSTURULMATARIHI>2015-06-06T07:23:18.392+03:00</OLUSTURULMATARIHI>
    <GUNCELLEMETARIHI>2015-06-06T07:23:18.392+03:00</GUNCELLEMETARIHI>
  </Table1>
  <Table1>
    <ADI>TUNCELİ</ADI>
    <KODU>62</KODU>
    <AKTIF>true</AKTIF>
    <OLUSTURULMATARIHI>2015-06-06T07:23:18.392+03:00</OLUSTURULMATARIHI>
    <GUNCELLEMETARIHI>2015-06-06T07:23:18.392+03:00</GUNCELLEMETARIHI>
  </Table1>
  <Table1>
    <ADI>ŞANLIURFA</ADI>
    <KODU>63</KODU>
    <AKTIF>true</AKTIF>
    <OLUSTURULMATARIHI>2015-06-06T07:23:18.392+03:00</OLUSTURULMATARIHI>
    <GUNCELLEMETARIHI>2015-06-06T07:23:18.392+03:00</GUNCELLEMETARIHI>
  </Table1>
  <Table1>
    <ADI>UŞAK</ADI>
    <KODU>64</KODU>
    <AKTIF>true</AKTIF>
    <OLUSTURULMATARIHI>2015-06-06T07:23:18.392+03:00</OLUSTURULMATARIHI>
    <GUNCELLEMETARIHI>2015-06-06T07:23:18.392+03:00</GUNCELLEMETARIHI>
  </Table1>
  <Table1>
    <ADI>VAN</ADI>
    <KODU>65</KODU>
    <AKTIF>true</AKTIF>
    <OLUSTURULMATARIHI>2015-06-06T07:23:18.392+03:00</OLUSTURULMATARIHI>
    <GUNCELLEMETARIHI>2015-06-06T07:23:18.392+03:00</GUNCELLEMETARIHI>
  </Table1>
  <Table1>
    <ADI>YOZGAT</ADI>
    <KODU>66</KODU>
    <AKTIF>true</AKTIF>
    <OLUSTURULMATARIHI>2015-06-06T07:23:18.392+03:00</OLUSTURULMATARIHI>
    <GUNCELLEMETARIHI>2015-06-06T07:23:18.392+03:00</GUNCELLEMETARIHI>
  </Table1>
  <Table1>
    <ADI>ZONGULDAK</ADI>
    <KODU>67</KODU>
    <AKTIF>true</AKTIF>
    <OLUSTURULMATARIHI>2015-06-06T07:23:18.392+03:00</OLUSTURULMATARIHI>
    <GUNCELLEMETARIHI>2015-06-06T07:23:18.392+03:00</GUNCELLEMETARIHI>
  </Table1>
  <Table1>
    <ADI>AKSARAY</ADI>
    <KODU>68</KODU>
    <AKTIF>true</AKTIF>
    <OLUSTURULMATARIHI>2015-06-06T07:23:18.392+03:00</OLUSTURULMATARIHI>
    <GUNCELLEMETARIHI>2015-06-06T07:23:18.392+03:00</GUNCELLEMETARIHI>
  </Table1>
  <Table1>
    <ADI>BAYBURT</ADI>
    <KODU>69</KODU>
    <AKTIF>true</AKTIF>
    <OLUSTURULMATARIHI>2015-06-06T07:23:18.392+03:00</OLUSTURULMATARIHI>
    <GUNCELLEMETARIHI>2015-06-06T07:23:18.392+03:00</GUNCELLEMETARIHI>
  </Table1>
  <Table1>
    <ADI>KARAMAN</ADI>
    <KODU>70</KODU>
    <AKTIF>true</AKTIF>
    <OLUSTURULMATARIHI>2015-06-06T07:23:18.392+03:00</OLUSTURULMATARIHI>
    <GUNCELLEMETARIHI>2015-06-06T07:23:18.392+03:00</GUNCELLEMETARIHI>
  </Table1>
  <Table1>
    <ADI>KIRIKKALE</ADI>
    <KODU>71</KODU>
    <AKTIF>true</AKTIF>
    <OLUSTURULMATARIHI>2015-06-06T07:23:18.392+03:00</OLUSTURULMATARIHI>
    <GUNCELLEMETARIHI>2015-06-06T07:23:18.392+03:00</GUNCELLEMETARIHI>
  </Table1>
  <Table1>
    <ADI>BATMAN</ADI>
    <KODU>72</KODU>
    <AKTIF>true</AKTIF>
    <OLUSTURULMATARIHI>2015-06-06T07:23:18.392+03:00</OLUSTURULMATARIHI>
    <GUNCELLEMETARIHI>2015-06-06T07:23:18.392+03:00</GUNCELLEMETARIHI>
  </Table1>
  <Table1>
    <ADI>ŞIRNAK</ADI>
    <KODU>73</KODU>
    <AKTIF>true</AKTIF>
    <OLUSTURULMATARIHI>2015-06-06T07:23:18.392+03:00</OLUSTURULMATARIHI>
    <GUNCELLEMETARIHI>2015-06-06T07:23:18.392+03:00</GUNCELLEMETARIHI>
  </Table1>
  <Table1>
    <ADI>BARTIN</ADI>
    <KODU>74</KODU>
    <AKTIF>true</AKTIF>
    <OLUSTURULMATARIHI>2015-06-06T07:23:18.392+03:00</OLUSTURULMATARIHI>
    <GUNCELLEMETARIHI>2015-06-06T07:23:18.392+03:00</GUNCELLEMETARIHI>
  </Table1>
  <Table1>
    <ADI>ARDAHAN</ADI>
    <KODU>75</KODU>
    <AKTIF>true</AKTIF>
    <OLUSTURULMATARIHI>2015-06-06T07:23:18.392+03:00</OLUSTURULMATARIHI>
    <GUNCELLEMETARIHI>2015-06-06T07:23:18.392+03:00</GUNCELLEMETARIHI>
  </Table1>
  <Table1>
    <ADI>IĞDIR</ADI>
    <KODU>76</KODU>
    <AKTIF>true</AKTIF>
    <OLUSTURULMATARIHI>2015-06-06T07:23:18.392+03:00</OLUSTURULMATARIHI>
    <GUNCELLEMETARIHI>2015-06-06T07:23:18.392+03:00</GUNCELLEMETARIHI>
  </Table1>
  <Table1>
    <ADI>YALOVA</ADI>
    <KODU>77</KODU>
    <AKTIF>true</AKTIF>
    <OLUSTURULMATARIHI>2015-06-06T07:23:18.392+03:00</OLUSTURULMATARIHI>
    <GUNCELLEMETARIHI>2015-06-06T07:23:18.392+03:00</GUNCELLEMETARIHI>
  </Table1>
  <Table1>
    <ADI>KARABÜK</ADI>
    <KODU>78</KODU>
    <AKTIF>true</AKTIF>
    <OLUSTURULMATARIHI>2015-06-06T07:23:18.392+03:00</OLUSTURULMATARIHI>
    <GUNCELLEMETARIHI>2015-06-06T07:23:18.392+03:00</GUNCELLEMETARIHI>
  </Table1>
  <Table1>
    <ADI>KİLİS</ADI>
    <KODU>79</KODU>
    <AKTIF>true</AKTIF>
    <OLUSTURULMATARIHI>2015-06-06T07:23:18.392+03:00</OLUSTURULMATARIHI>
    <GUNCELLEMETARIHI>2015-06-06T07:23:18.392+03:00</GUNCELLEMETARIHI>
  </Table1>
  <Table1>
    <ADI>OSMANİYE</ADI>
    <KODU>80</KODU>
    <AKTIF>true</AKTIF>
    <OLUSTURULMATARIHI>2015-06-06T07:23:18.392+03:00</OLUSTURULMATARIHI>
    <GUNCELLEMETARIHI>2015-06-06T07:23:18.392+03:00</GUNCELLEMETARIHI>
  </Table1>
  <Table1>
    <ADI>DÜZCE</ADI>
    <KODU>81</KODU>
    <AKTIF>true</AKTIF>
    <OLUSTURULMATARIHI>2015-06-06T07:23:18.392+03:00</OLUSTURULMATARIHI>
    <GUNCELLEMETARIHI>2015-06-06T07:23:18.392+03:00</GUNCELLEMETARIHI>
  </Table1>
</NewDataSet>