<NewDataSet>
  <xs:schema id="NewDataSet" xmlns="" xmlns:xs="http://www.w3.org/2001/XMLSchema" xmlns:msdata="urn:schemas-microsoft-com:xml-msdata">
    <xs:element name="NewDataSet" msdata:IsDataSet="true" msdata:UseCurrentLocale="true">
      <xs:complexType>
        <xs:choice minOccurs="0" maxOccurs="unbounded">
          <xs:element name="Table1">
            <xs:complexType>
              <xs:sequence>
                <xs:element name="ADI" type="xs:string" minOccurs="0" />
                <xs:element name="KODU" type="xs:string" minOccurs="0" />
                <xs:element name="MERNISKODU" type="xs:long" minOccurs="0" />
                <xs:element name="AKTIF" type="xs:boolean" minOccurs="0" />
                <xs:element name="OLUSTURULMATARIHI" type="xs:dateTime" minOccurs="0" />
                <xs:element name="GUNCELLEMETARIHI" type="xs:dateTime" minOccurs="0" />
                <xs:element name="PASIFEALINMATARIHI" type="xs:dateTime" minOccurs="0" />
              </xs:sequence>
            </xs:complexType>
          </xs:element>
        </xs:choice>
      </xs:complexType>
    </xs:element>
  </xs:schema>
  <Table1>
    <ADI>YUGOSLAVYA</ADI>
    <KODU>YU</KODU>
    <MERNISKODU>9500</MERNISKODU>
    <AKTIF>false</AKTIF>
    <OLUSTURULMATARIHI>2016-12-09T19:55:11+03:00</OLUSTURULMATARIHI>
    <GUNCELLEMETARIHI>2016-12-09T19:55:11+03:00</GUNCELLEMETARIHI>
  </Table1>
  <Table1>
    <ADI>LEFKOŞA</ADI>
    <KODU>XX</KODU>
    <MERNISKODU>9756</MERNISKODU>
    <AKTIF>true</AKTIF>
    <OLUSTURULMATARIHI>2016-12-09T19:55:11+03:00</OLUSTURULMATARIHI>
    <GUNCELLEMETARIHI>2016-12-09T19:55:11+03:00</GUNCELLEMETARIHI>
  </Table1>
  <Table1>
    <ADI>KIRIM</ADI>
    <KODU>XX</KODU>
    <MERNISKODU>9757</MERNISKODU>
    <AKTIF>true</AKTIF>
    <OLUSTURULMATARIHI>2016-12-09T19:55:56+03:00</OLUSTURULMATARIHI>
    <GUNCELLEMETARIHI>2016-12-09T19:55:56+03:00</GUNCELLEMETARIHI>
  </Table1>
  <Table1>
    <ADI>DOĞU TİMOR DEMOKRATİK CUMHURİYETİ</ADI>
    <KODU>XX</KODU>
    <MERNISKODU>9758</MERNISKODU>
    <AKTIF>true</AKTIF>
    <OLUSTURULMATARIHI>2016-12-09T19:55:56+03:00</OLUSTURULMATARIHI>
    <GUNCELLEMETARIHI>2016-12-09T19:55:56+03:00</GUNCELLEMETARIHI>
  </Table1>
  <Table1>
    <ADI>GÜNEY SUDAN CUMHURİYETİ</ADI>
    <KODU>SD</KODU>
    <MERNISKODU>9759</MERNISKODU>
    <AKTIF>true</AKTIF>
    <OLUSTURULMATARIHI>2016-12-09T19:55:56+03:00</OLUSTURULMATARIHI>
    <GUNCELLEMETARIHI>2016-12-09T19:55:56+03:00</GUNCELLEMETARIHI>
  </Table1>
  <Table1>
    <ADI>KUDÜS</ADI>
    <KODU>XX</KODU>
    <MERNISKODU>9760</MERNISKODU>
    <AKTIF>true</AKTIF>
    <OLUSTURULMATARIHI>2016-12-09T19:55:56+03:00</OLUSTURULMATARIHI>
    <GUNCELLEMETARIHI>2016-12-09T19:55:56+03:00</GUNCELLEMETARIHI>
  </Table1>
  <Table1>
    <ADI>KARADAĞ</ADI>
    <KODU>ME</KODU>
    <MERNISKODU>9770</MERNISKODU>
    <AKTIF>true</AKTIF>
    <OLUSTURULMATARIHI>2016-12-09T19:55:56+03:00</OLUSTURULMATARIHI>
    <GUNCELLEMETARIHI>2016-12-09T19:55:56+03:00</GUNCELLEMETARIHI>
  </Table1>
  <Table1>
    <ADI>SIRBİSTAN CUMHURİYETİ</ADI>
    <KODU>RS</KODU>
    <MERNISKODU>9771</MERNISKODU>
    <AKTIF>true</AKTIF>
    <OLUSTURULMATARIHI>2016-12-09T19:55:56+03:00</OLUSTURULMATARIHI>
    <GUNCELLEMETARIHI>2016-12-09T19:55:56+03:00</GUNCELLEMETARIHI>
  </Table1>
  <Table1>
    <ADI>ÇİN TAYVAN</ADI>
    <KODU>TW</KODU>
    <MERNISKODU>9772</MERNISKODU>
    <AKTIF>true</AKTIF>
    <OLUSTURULMATARIHI>2016-12-09T19:55:56+03:00</OLUSTURULMATARIHI>
    <GUNCELLEMETARIHI>2016-12-09T19:55:56+03:00</GUNCELLEMETARIHI>
  </Table1>
  <Table1>
    <ADI>KOSOVA CUMHURİYETİ</ADI>
    <KODU>KO</KODU>
    <MERNISKODU>9773</MERNISKODU>
    <AKTIF>true</AKTIF>
    <OLUSTURULMATARIHI>2016-12-09T19:55:56+03:00</OLUSTURULMATARIHI>
    <GUNCELLEMETARIHI>2016-12-09T19:55:56+03:00</GUNCELLEMETARIHI>
  </Table1>
  <Table1>
    <ADI>RUSYA FED. / BAŞKURDİSTAN CUMHURİYETİ</ADI>
    <KODU>RU</KODU>
    <MERNISKODU>9774</MERNISKODU>
    <AKTIF>true</AKTIF>
    <OLUSTURULMATARIHI>2016-12-09T19:55:56+03:00</OLUSTURULMATARIHI>
    <GUNCELLEMETARIHI>2016-12-09T19:55:56+03:00</GUNCELLEMETARIHI>
  </Table1>
  <Table1>
    <ADI>KORE DEMOKRATİK HALK CUMHURİYETİ</ADI>
    <KODU>KP</KODU>
    <MERNISKODU>9775</MERNISKODU>
    <AKTIF>true</AKTIF>
    <OLUSTURULMATARIHI>2016-12-09T19:55:57+03:00</OLUSTURULMATARIHI>
    <GUNCELLEMETARIHI>2016-12-09T19:55:57+03:00</GUNCELLEMETARIHI>
  </Table1>
  <Table1>
    <ADI>RUSYA FED. / ALTAY CUMHURİYETİ</ADI>
    <KODU>RU</KODU>
    <MERNISKODU>9776</MERNISKODU>
    <AKTIF>true</AKTIF>
    <OLUSTURULMATARIHI>2016-12-09T19:55:57+03:00</OLUSTURULMATARIHI>
    <GUNCELLEMETARIHI>2016-12-09T19:55:57+03:00</GUNCELLEMETARIHI>
  </Table1>
  <Table1>
    <ADI>RUSYA FED. / ADIGE CUMHURİYETİ</ADI>
    <KODU>RU</KODU>
    <MERNISKODU>9777</MERNISKODU>
    <AKTIF>true</AKTIF>
    <OLUSTURULMATARIHI>2016-12-09T19:55:57+03:00</OLUSTURULMATARIHI>
    <GUNCELLEMETARIHI>2016-12-09T19:55:57+03:00</GUNCELLEMETARIHI>
  </Table1>
  <Table1>
    <ADI>KONGO CUMHURİYETİ</ADI>
    <KODU>CG</KODU>
    <MERNISKODU>9778</MERNISKODU>
    <AKTIF>true</AKTIF>
    <OLUSTURULMATARIHI>2016-12-09T19:55:57+03:00</OLUSTURULMATARIHI>
    <GUNCELLEMETARIHI>2016-12-09T19:55:57+03:00</GUNCELLEMETARIHI>
  </Table1>
  <Table1>
    <ADI>RUSYA FED. / BURYAT CUMHURİYETİ</ADI>
    <KODU>RU</KODU>
    <MERNISKODU>9779</MERNISKODU>
    <AKTIF>true</AKTIF>
    <OLUSTURULMATARIHI>2016-12-09T19:55:57+03:00</OLUSTURULMATARIHI>
    <GUNCELLEMETARIHI>2016-12-09T19:55:57+03:00</GUNCELLEMETARIHI>
  </Table1>
  <Table1>
    <ADI>RUSYA FED. / İNGUŞETYA CUMHURİYETİ</ADI>
    <KODU>RU</KODU>
    <MERNISKODU>9780</MERNISKODU>
    <AKTIF>true</AKTIF>
    <OLUSTURULMATARIHI>2016-12-09T19:55:57+03:00</OLUSTURULMATARIHI>
    <GUNCELLEMETARIHI>2016-12-09T19:55:57+03:00</GUNCELLEMETARIHI>
  </Table1>
  <Table1>
    <ADI>RUSYA FED. / KABARDİN-BALKARYA CUMHURİYETİ</ADI>
    <KODU>RU</KODU>
    <MERNISKODU>9781</MERNISKODU>
    <AKTIF>true</AKTIF>
    <OLUSTURULMATARIHI>2016-12-09T19:55:57+03:00</OLUSTURULMATARIHI>
    <GUNCELLEMETARIHI>2016-12-09T19:55:57+03:00</GUNCELLEMETARIHI>
  </Table1>
  <Table1>
    <ADI>RUSYA FED. / KALMIKYA CUMHURİYETİ</ADI>
    <KODU>RU</KODU>
    <MERNISKODU>9782</MERNISKODU>
    <AKTIF>true</AKTIF>
    <OLUSTURULMATARIHI>2016-12-09T19:55:57+03:00</OLUSTURULMATARIHI>
    <GUNCELLEMETARIHI>2016-12-09T19:55:57+03:00</GUNCELLEMETARIHI>
  </Table1>
  <Table1>
    <ADI>RUSYA FED. / KARAÇAY-ÇERKES CUMHURİYETİ</ADI>
    <KODU>RU</KODU>
    <MERNISKODU>9783</MERNISKODU>
    <AKTIF>true</AKTIF>
    <OLUSTURULMATARIHI>2016-12-09T19:55:57+03:00</OLUSTURULMATARIHI>
    <GUNCELLEMETARIHI>2016-12-09T19:55:57+03:00</GUNCELLEMETARIHI>
  </Table1>
  <Table1>
    <ADI>RUSYA FED. / KARELYA CUMHURİYETİ</ADI>
    <KODU>RU</KODU>
    <MERNISKODU>9784</MERNISKODU>
    <AKTIF>true</AKTIF>
    <OLUSTURULMATARIHI>2016-12-09T19:55:57+03:00</OLUSTURULMATARIHI>
    <GUNCELLEMETARIHI>2016-12-09T19:55:57+03:00</GUNCELLEMETARIHI>
  </Table1>
  <Table1>
    <ADI>RUSYA FED. / KOMİ CUMHURİYETİ</ADI>
    <KODU>RU</KODU>
    <MERNISKODU>9785</MERNISKODU>
    <AKTIF>true</AKTIF>
    <OLUSTURULMATARIHI>2016-12-09T19:55:57+03:00</OLUSTURULMATARIHI>
    <GUNCELLEMETARIHI>2016-12-09T19:55:57+03:00</GUNCELLEMETARIHI>
  </Table1>
  <Table1>
    <ADI>RUSYA FED. / MARİ EL CUMHURİYETİ</ADI>
    <KODU>RU</KODU>
    <MERNISKODU>9786</MERNISKODU>
    <AKTIF>true</AKTIF>
    <OLUSTURULMATARIHI>2016-12-09T19:55:57+03:00</OLUSTURULMATARIHI>
    <GUNCELLEMETARIHI>2016-12-09T19:55:57+03:00</GUNCELLEMETARIHI>
  </Table1>
  <Table1>
    <ADI>RUSYA FED. / MORDOVYA CUMHURİYETİ</ADI>
    <KODU>RU</KODU>
    <MERNISKODU>9787</MERNISKODU>
    <AKTIF>true</AKTIF>
    <OLUSTURULMATARIHI>2016-12-09T19:55:57+03:00</OLUSTURULMATARIHI>
    <GUNCELLEMETARIHI>2016-12-09T19:55:57+03:00</GUNCELLEMETARIHI>
  </Table1>
  <Table1>
    <ADI>RUSYA FED. / SAHA CUMHURİYETİ (YAKUTİSTAN)</ADI>
    <KODU>RU</KODU>
    <MERNISKODU>9788</MERNISKODU>
    <AKTIF>true</AKTIF>
    <OLUSTURULMATARIHI>2016-12-09T19:55:57+03:00</OLUSTURULMATARIHI>
    <GUNCELLEMETARIHI>2016-12-09T19:55:57+03:00</GUNCELLEMETARIHI>
  </Table1>
  <Table1>
    <ADI>RUSYA FED. / KUZEY OSETYA-ALANYA CUMHURİYETİ</ADI>
    <KODU>RU</KODU>
    <MERNISKODU>9789</MERNISKODU>
    <AKTIF>true</AKTIF>
    <OLUSTURULMATARIHI>2016-12-09T19:55:57+03:00</OLUSTURULMATARIHI>
    <GUNCELLEMETARIHI>2016-12-09T19:55:57+03:00</GUNCELLEMETARIHI>
  </Table1>
  <Table1>
    <ADI>RUSYA FED. / TATARİSTAN CUMHURİYETİ</ADI>
    <KODU>RU</KODU>
    <MERNISKODU>9790</MERNISKODU>
    <AKTIF>true</AKTIF>
    <OLUSTURULMATARIHI>2016-12-09T19:55:57+03:00</OLUSTURULMATARIHI>
    <GUNCELLEMETARIHI>2016-12-09T19:55:57+03:00</GUNCELLEMETARIHI>
  </Table1>
  <Table1>
    <ADI>RUSYA FED. / TIVA CUMHURİYETİ</ADI>
    <KODU>RU</KODU>
    <MERNISKODU>9791</MERNISKODU>
    <AKTIF>true</AKTIF>
    <OLUSTURULMATARIHI>2016-12-09T19:55:57+03:00</OLUSTURULMATARIHI>
    <GUNCELLEMETARIHI>2016-12-09T19:55:57+03:00</GUNCELLEMETARIHI>
  </Table1>
  <Table1>
    <ADI>RUSYA FED. / UDMURT CUMHURİYETİ</ADI>
    <KODU>RU</KODU>
    <MERNISKODU>9792</MERNISKODU>
    <AKTIF>true</AKTIF>
    <OLUSTURULMATARIHI>2016-12-09T19:55:58+03:00</OLUSTURULMATARIHI>
    <GUNCELLEMETARIHI>2016-12-09T19:55:58+03:00</GUNCELLEMETARIHI>
  </Table1>
  <Table1>
    <ADI>RUSYA FED. / HAKASYA CUMHURİYETİ</ADI>
    <KODU>RU</KODU>
    <MERNISKODU>9793</MERNISKODU>
    <AKTIF>true</AKTIF>
    <OLUSTURULMATARIHI>2016-12-09T19:55:58+03:00</OLUSTURULMATARIHI>
    <GUNCELLEMETARIHI>2016-12-09T19:55:58+03:00</GUNCELLEMETARIHI>
  </Table1>
  <Table1>
    <ADI>RUSYA FED. / ÇUVAŞİSTAN CUMHURİYETİ</ADI>
    <KODU>RU</KODU>
    <MERNISKODU>9794</MERNISKODU>
    <AKTIF>true</AKTIF>
    <OLUSTURULMATARIHI>2016-12-09T19:55:58+03:00</OLUSTURULMATARIHI>
    <GUNCELLEMETARIHI>2016-12-09T19:55:58+03:00</GUNCELLEMETARIHI>
  </Table1>
  <Table1>
    <ADI>ANDORRA PRENSLİĞİ</ADI>
    <KODU>AD</KODU>
    <MERNISKODU>9795</MERNISKODU>
    <AKTIF>true</AKTIF>
    <OLUSTURULMATARIHI>2016-12-09T19:55:58+03:00</OLUSTURULMATARIHI>
    <GUNCELLEMETARIHI>2016-12-09T19:55:58+03:00</GUNCELLEMETARIHI>
  </Table1>
  <Table1>
    <ADI>BRUNEİ DARUSSELAM</ADI>
    <KODU>BN</KODU>
    <MERNISKODU>9796</MERNISKODU>
    <AKTIF>true</AKTIF>
    <OLUSTURULMATARIHI>2016-12-09T19:55:58+03:00</OLUSTURULMATARIHI>
    <GUNCELLEMETARIHI>2016-12-09T19:55:58+03:00</GUNCELLEMETARIHI>
  </Table1>
  <Table1>
    <ADI>BURKİNA FASO</ADI>
    <KODU>BF</KODU>
    <MERNISKODU>9797</MERNISKODU>
    <AKTIF>true</AKTIF>
    <OLUSTURULMATARIHI>2016-12-09T19:55:58+03:00</OLUSTURULMATARIHI>
    <GUNCELLEMETARIHI>2016-12-09T19:55:58+03:00</GUNCELLEMETARIHI>
  </Table1>
  <Table1>
    <ADI>GAMBİYA CUMHURİYETİ</ADI>
    <KODU>GM</KODU>
    <MERNISKODU>9798</MERNISKODU>
    <AKTIF>true</AKTIF>
    <OLUSTURULMATARIHI>2016-12-09T19:55:58+03:00</OLUSTURULMATARIHI>
    <GUNCELLEMETARIHI>2016-12-09T19:55:58+03:00</GUNCELLEMETARIHI>
  </Table1>
  <Table1>
    <ADI>VATİKAN</ADI>
    <KODU>VA</KODU>
    <MERNISKODU>9799</MERNISKODU>
    <AKTIF>true</AKTIF>
    <OLUSTURULMATARIHI>2016-12-09T19:55:58+03:00</OLUSTURULMATARIHI>
    <GUNCELLEMETARIHI>2016-12-09T19:55:58+03:00</GUNCELLEMETARIHI>
  </Table1>
  <Table1>
    <ADI>KİRİBATİ CUMHURİYETİ</ADI>
    <KODU>KI</KODU>
    <MERNISKODU>9800</MERNISKODU>
    <AKTIF>true</AKTIF>
    <OLUSTURULMATARIHI>2016-12-09T19:55:58+03:00</OLUSTURULMATARIHI>
    <GUNCELLEMETARIHI>2016-12-09T19:55:58+03:00</GUNCELLEMETARIHI>
  </Table1>
  <Table1>
    <ADI>MONAKO PRENSLİĞİ</ADI>
    <KODU>MC</KODU>
    <MERNISKODU>9801</MERNISKODU>
    <AKTIF>true</AKTIF>
    <OLUSTURULMATARIHI>2016-12-09T19:55:58+03:00</OLUSTURULMATARIHI>
    <GUNCELLEMETARIHI>2016-12-09T19:55:58+03:00</GUNCELLEMETARIHI>
  </Table1>
  <Table1>
    <ADI>MYANMAR BİRLİĞİ CUMHURİYETİ</ADI>
    <KODU>MM</KODU>
    <MERNISKODU>9802</MERNISKODU>
    <AKTIF>true</AKTIF>
    <OLUSTURULMATARIHI>2016-12-09T19:55:58+03:00</OLUSTURULMATARIHI>
    <GUNCELLEMETARIHI>2016-12-09T19:55:58+03:00</GUNCELLEMETARIHI>
  </Table1>
  <Table1>
    <ADI>NAURU CUMHURİYETİ</ADI>
    <KODU>NR</KODU>
    <MERNISKODU>9803</MERNISKODU>
    <AKTIF>true</AKTIF>
    <OLUSTURULMATARIHI>2016-12-09T19:55:58+03:00</OLUSTURULMATARIHI>
    <GUNCELLEMETARIHI>2016-12-09T19:55:58+03:00</GUNCELLEMETARIHI>
  </Table1>
  <Table1>
    <ADI>PALAU CUMHURİYETİ</ADI>
    <KODU>PW</KODU>
    <MERNISKODU>9804</MERNISKODU>
    <AKTIF>true</AKTIF>
    <OLUSTURULMATARIHI>2016-12-09T19:55:58+03:00</OLUSTURULMATARIHI>
    <GUNCELLEMETARIHI>2016-12-09T19:55:58+03:00</GUNCELLEMETARIHI>
  </Table1>
  <Table1>
    <ADI>SAN MARİNO CUMHURİYETİ</ADI>
    <KODU>SM</KODU>
    <MERNISKODU>9805</MERNISKODU>
    <AKTIF>true</AKTIF>
    <OLUSTURULMATARIHI>2016-12-09T19:55:58+03:00</OLUSTURULMATARIHI>
    <GUNCELLEMETARIHI>2016-12-09T19:55:58+03:00</GUNCELLEMETARIHI>
  </Table1>
  <Table1>
    <ADI>SAİNT KİTTS VE NEVİS FEDERASYONU</ADI>
    <KODU>KN</KODU>
    <MERNISKODU>9806</MERNISKODU>
    <AKTIF>true</AKTIF>
    <OLUSTURULMATARIHI>2016-12-09T19:55:58+03:00</OLUSTURULMATARIHI>
    <GUNCELLEMETARIHI>2016-12-09T19:55:58+03:00</GUNCELLEMETARIHI>
  </Table1>
  <Table1>
    <ADI>TONGA KRALLIĞI</ADI>
    <KODU>TO</KODU>
    <MERNISKODU>9807</MERNISKODU>
    <AKTIF>true</AKTIF>
    <OLUSTURULMATARIHI>2016-12-09T19:55:58+03:00</OLUSTURULMATARIHI>
    <GUNCELLEMETARIHI>2016-12-09T19:55:58+03:00</GUNCELLEMETARIHI>
  </Table1>
  <Table1>
    <ADI>TUVALU</ADI>
    <KODU>TV</KODU>
    <MERNISKODU>9808</MERNISKODU>
    <AKTIF>true</AKTIF>
    <OLUSTURULMATARIHI>2016-12-09T19:55:59+03:00</OLUSTURULMATARIHI>
    <GUNCELLEMETARIHI>2016-12-09T19:55:59+03:00</GUNCELLEMETARIHI>
  </Table1>
  <Table1>
    <ADI>KORE CUMHURİYETİ</ADI>
    <KODU>KR</KODU>
    <MERNISKODU>9809</MERNISKODU>
    <AKTIF>true</AKTIF>
    <OLUSTURULMATARIHI>2016-12-09T19:55:59+03:00</OLUSTURULMATARIHI>
    <GUNCELLEMETARIHI>2016-12-09T19:55:59+03:00</GUNCELLEMETARIHI>
  </Table1>
  <Table1>
    <ADI>HIRVATİSTAN CUMHURİYETİ</ADI>
    <KODU>HR</KODU>
    <MERNISKODU>9810</MERNISKODU>
    <AKTIF>true</AKTIF>
    <OLUSTURULMATARIHI>2016-12-09T19:55:59+03:00</OLUSTURULMATARIHI>
    <GUNCELLEMETARIHI>2016-12-09T19:55:59+03:00</GUNCELLEMETARIHI>
  </Table1>
  <Table1>
    <ADI>RUSYA FED. / ÇEÇENİSTAN CUMHURİYETİ</ADI>
    <KODU>RU</KODU>
    <MERNISKODU>9811</MERNISKODU>
    <AKTIF>true</AKTIF>
    <OLUSTURULMATARIHI>2016-12-09T19:55:59+03:00</OLUSTURULMATARIHI>
    <GUNCELLEMETARIHI>2016-12-09T19:55:59+03:00</GUNCELLEMETARIHI>
  </Table1>
  <Table1>
    <ADI>FİLİSTİN DEVLETİ</ADI>
    <KODU>PS</KODU>
    <MERNISKODU>9812</MERNISKODU>
    <AKTIF>true</AKTIF>
    <OLUSTURULMATARIHI>2016-12-09T19:55:59+03:00</OLUSTURULMATARIHI>
    <GUNCELLEMETARIHI>2016-12-09T19:55:59+03:00</GUNCELLEMETARIHI>
  </Table1>
  <Table1>
    <ADI>RUSYA FED. / DAĞISTAN CUMHURİYETİ</ADI>
    <KODU>RU</KODU>
    <MERNISKODU>9813</MERNISKODU>
    <AKTIF>true</AKTIF>
    <OLUSTURULMATARIHI>2016-12-09T19:55:59+03:00</OLUSTURULMATARIHI>
    <GUNCELLEMETARIHI>2016-12-09T19:55:59+03:00</GUNCELLEMETARIHI>
  </Table1>
  <Table1>
    <ADI>AZERBAYCAN CUMHURİYETİ</ADI>
    <KODU>AZ</KODU>
    <MERNISKODU>9814</MERNISKODU>
    <AKTIF>true</AKTIF>
    <OLUSTURULMATARIHI>2016-12-09T19:55:59+03:00</OLUSTURULMATARIHI>
    <GUNCELLEMETARIHI>2016-12-09T19:55:59+03:00</GUNCELLEMETARIHI>
  </Table1>
  <Table1>
    <ADI>BELARUS CUMHURİYETİ</ADI>
    <KODU>BY</KODU>
    <MERNISKODU>9815</MERNISKODU>
    <AKTIF>true</AKTIF>
    <OLUSTURULMATARIHI>2016-12-09T19:55:59+03:00</OLUSTURULMATARIHI>
    <GUNCELLEMETARIHI>2016-12-09T19:55:59+03:00</GUNCELLEMETARIHI>
  </Table1>
  <Table1>
    <ADI>BOSNA HERSEK</ADI>
    <KODU>BA</KODU>
    <MERNISKODU>9816</MERNISKODU>
    <AKTIF>true</AKTIF>
    <OLUSTURULMATARIHI>2016-12-09T19:55:59+03:00</OLUSTURULMATARIHI>
    <GUNCELLEMETARIHI>2016-12-09T19:55:59+03:00</GUNCELLEMETARIHI>
  </Table1>
  <Table1>
    <ADI>ÇEK CUMHURİYETİ</ADI>
    <KODU>CZ</KODU>
    <MERNISKODU>9817</MERNISKODU>
    <AKTIF>true</AKTIF>
    <OLUSTURULMATARIHI>2016-12-09T19:55:59+03:00</OLUSTURULMATARIHI>
    <GUNCELLEMETARIHI>2016-12-09T19:55:59+03:00</GUNCELLEMETARIHI>
  </Table1>
  <Table1>
    <ADI>ERİTRE DEVLETİ</ADI>
    <KODU>ER</KODU>
    <MERNISKODU>9818</MERNISKODU>
    <AKTIF>true</AKTIF>
    <OLUSTURULMATARIHI>2016-12-09T19:55:59+03:00</OLUSTURULMATARIHI>
    <GUNCELLEMETARIHI>2016-12-09T19:55:59+03:00</GUNCELLEMETARIHI>
  </Table1>
  <Table1>
    <ADI>ERMENİSTAN CUMHURİYETİ</ADI>
    <KODU>AM</KODU>
    <MERNISKODU>9819</MERNISKODU>
    <AKTIF>true</AKTIF>
    <OLUSTURULMATARIHI>2016-12-09T19:55:59+03:00</OLUSTURULMATARIHI>
    <GUNCELLEMETARIHI>2016-12-09T19:55:59+03:00</GUNCELLEMETARIHI>
  </Table1>
  <Table1>
    <ADI>ESTONYA CUMHURİYETİ</ADI>
    <KODU>EE</KODU>
    <MERNISKODU>9820</MERNISKODU>
    <AKTIF>true</AKTIF>
    <OLUSTURULMATARIHI>2016-12-09T19:55:59+03:00</OLUSTURULMATARIHI>
    <GUNCELLEMETARIHI>2016-12-09T19:55:59+03:00</GUNCELLEMETARIHI>
  </Table1>
  <Table1>
    <ADI>GÜRCİSTAN CUMHURİYETİ</ADI>
    <KODU>GE</KODU>
    <MERNISKODU>9821</MERNISKODU>
    <AKTIF>true</AKTIF>
    <OLUSTURULMATARIHI>2016-12-09T19:55:59+03:00</OLUSTURULMATARIHI>
    <GUNCELLEMETARIHI>2016-12-09T19:55:59+03:00</GUNCELLEMETARIHI>
  </Table1>
  <Table1>
    <ADI>KAZAKİSTAN CUMHURİYETİ</ADI>
    <KODU>KZ</KODU>
    <MERNISKODU>9822</MERNISKODU>
    <AKTIF>true</AKTIF>
    <OLUSTURULMATARIHI>2016-12-09T19:55:59+03:00</OLUSTURULMATARIHI>
    <GUNCELLEMETARIHI>2016-12-09T19:55:59+03:00</GUNCELLEMETARIHI>
  </Table1>
  <Table1>
    <ADI>KIRGIZ CUMHURİYETİ</ADI>
    <KODU>KG</KODU>
    <MERNISKODU>9823</MERNISKODU>
    <AKTIF>true</AKTIF>
    <OLUSTURULMATARIHI>2016-12-09T19:55:59+03:00</OLUSTURULMATARIHI>
    <GUNCELLEMETARIHI>2016-12-09T19:55:59+03:00</GUNCELLEMETARIHI>
  </Table1>
  <Table1>
    <ADI>LETONYA CUMHURİYETİ</ADI>
    <KODU>LV</KODU>
    <MERNISKODU>9824</MERNISKODU>
    <AKTIF>true</AKTIF>
    <OLUSTURULMATARIHI>2016-12-09T19:55:59+03:00</OLUSTURULMATARIHI>
    <GUNCELLEMETARIHI>2016-12-09T19:55:59+03:00</GUNCELLEMETARIHI>
  </Table1>
  <Table1>
    <ADI>LİTVANYA CUMHURİYETİ</ADI>
    <KODU>LT</KODU>
    <MERNISKODU>9825</MERNISKODU>
    <AKTIF>true</AKTIF>
    <OLUSTURULMATARIHI>2016-12-09T19:56:00+03:00</OLUSTURULMATARIHI>
    <GUNCELLEMETARIHI>2016-12-09T19:56:00+03:00</GUNCELLEMETARIHI>
  </Table1>
  <Table1>
    <ADI>MAKEDONYA CUMHURİYETİ</ADI>
    <KODU>MK</KODU>
    <MERNISKODU>9826</MERNISKODU>
    <AKTIF>true</AKTIF>
    <OLUSTURULMATARIHI>2016-12-09T19:56:00+03:00</OLUSTURULMATARIHI>
    <GUNCELLEMETARIHI>2016-12-09T19:56:00+03:00</GUNCELLEMETARIHI>
  </Table1>
  <Table1>
    <ADI>MARŞAL ADALARI CUMHURİYETİ</ADI>
    <KODU>MH</KODU>
    <MERNISKODU>9827</MERNISKODU>
    <AKTIF>true</AKTIF>
    <OLUSTURULMATARIHI>2016-12-09T19:56:00+03:00</OLUSTURULMATARIHI>
    <GUNCELLEMETARIHI>2016-12-09T19:56:00+03:00</GUNCELLEMETARIHI>
  </Table1>
  <Table1>
    <ADI>MİKRONEZYA FEDERE DEVLETLERİ</ADI>
    <KODU>FM</KODU>
    <MERNISKODU>9828</MERNISKODU>
    <AKTIF>true</AKTIF>
    <OLUSTURULMATARIHI>2016-12-09T19:56:19+03:00</OLUSTURULMATARIHI>
    <GUNCELLEMETARIHI>2016-12-09T19:56:19+03:00</GUNCELLEMETARIHI>
  </Table1>
  <Table1>
    <ADI>MOLDOVA CUMHURİYETİ</ADI>
    <KODU>MD</KODU>
    <MERNISKODU>9829</MERNISKODU>
    <AKTIF>true</AKTIF>
    <OLUSTURULMATARIHI>2016-12-09T19:56:19+03:00</OLUSTURULMATARIHI>
    <GUNCELLEMETARIHI>2016-12-09T19:56:19+03:00</GUNCELLEMETARIHI>
  </Table1>
  <Table1>
    <ADI>NAMİBYA CUMHURİYETİ</ADI>
    <KODU>NA</KODU>
    <MERNISKODU>9830</MERNISKODU>
    <AKTIF>true</AKTIF>
    <OLUSTURULMATARIHI>2016-12-09T19:56:19+03:00</OLUSTURULMATARIHI>
    <GUNCELLEMETARIHI>2016-12-09T19:56:19+03:00</GUNCELLEMETARIHI>
  </Table1>
  <Table1>
    <ADI>RUSYA FEDERASYONU</ADI>
    <KODU>RU</KODU>
    <MERNISKODU>9831</MERNISKODU>
    <AKTIF>true</AKTIF>
    <OLUSTURULMATARIHI>2016-12-09T19:56:19+03:00</OLUSTURULMATARIHI>
    <GUNCELLEMETARIHI>2016-12-09T19:56:19+03:00</GUNCELLEMETARIHI>
  </Table1>
  <Table1>
    <ADI>SLOVAK CUMHURİYETİ</ADI>
    <KODU>SK</KODU>
    <MERNISKODU>9832</MERNISKODU>
    <AKTIF>true</AKTIF>
    <OLUSTURULMATARIHI>2016-12-09T19:56:19+03:00</OLUSTURULMATARIHI>
    <GUNCELLEMETARIHI>2016-12-09T19:56:19+03:00</GUNCELLEMETARIHI>
  </Table1>
  <Table1>
    <ADI>SLOVENYA CUMHURİYETİ</ADI>
    <KODU>SI</KODU>
    <MERNISKODU>9833</MERNISKODU>
    <AKTIF>true</AKTIF>
    <OLUSTURULMATARIHI>2016-12-09T19:56:19+03:00</OLUSTURULMATARIHI>
    <GUNCELLEMETARIHI>2016-12-09T19:56:19+03:00</GUNCELLEMETARIHI>
  </Table1>
  <Table1>
    <ADI>TACİKİSTAN CUMHURİYETİ</ADI>
    <KODU>TJ</KODU>
    <MERNISKODU>9834</MERNISKODU>
    <AKTIF>true</AKTIF>
    <OLUSTURULMATARIHI>2016-12-09T19:56:19+03:00</OLUSTURULMATARIHI>
    <GUNCELLEMETARIHI>2016-12-09T19:56:19+03:00</GUNCELLEMETARIHI>
  </Table1>
  <Table1>
    <ADI>TÜRKMENİSTAN</ADI>
    <KODU>TM</KODU>
    <MERNISKODU>9835</MERNISKODU>
    <AKTIF>true</AKTIF>
    <OLUSTURULMATARIHI>2016-12-09T19:56:19+03:00</OLUSTURULMATARIHI>
    <GUNCELLEMETARIHI>2016-12-09T19:56:19+03:00</GUNCELLEMETARIHI>
  </Table1>
  <Table1>
    <ADI>ÖZBEKİSTAN CUMHURİYETİ</ADI>
    <KODU>UZ</KODU>
    <MERNISKODU>9836</MERNISKODU>
    <AKTIF>true</AKTIF>
    <OLUSTURULMATARIHI>2016-12-09T19:56:20+03:00</OLUSTURULMATARIHI>
    <GUNCELLEMETARIHI>2016-12-09T19:56:20+03:00</GUNCELLEMETARIHI>
  </Table1>
  <Table1>
    <ADI>UKRAYNA</ADI>
    <KODU>UA</KODU>
    <MERNISKODU>9837</MERNISKODU>
    <AKTIF>true</AKTIF>
    <OLUSTURULMATARIHI>2016-12-09T19:56:20+03:00</OLUSTURULMATARIHI>
    <GUNCELLEMETARIHI>2016-12-09T19:56:20+03:00</GUNCELLEMETARIHI>
  </Table1>
  <Table1>
    <ADI>DİĞER</ADI>
    <KODU>XX</KODU>
    <MERNISKODU>9838</MERNISKODU>
    <AKTIF>true</AKTIF>
    <OLUSTURULMATARIHI>2016-12-09T19:56:20+03:00</OLUSTURULMATARIHI>
    <GUNCELLEMETARIHI>2016-12-09T19:56:20+03:00</GUNCELLEMETARIHI>
  </Table1>
  <Table1>
    <ADI>BİLİNMEYEN</ADI>
    <KODU>XA</KODU>
    <MERNISKODU>9839</MERNISKODU>
    <AKTIF>true</AKTIF>
    <OLUSTURULMATARIHI>2016-12-09T19:56:20+03:00</OLUSTURULMATARIHI>
    <GUNCELLEMETARIHI>2016-12-09T19:56:20+03:00</GUNCELLEMETARIHI>
  </Table1>
  <Table1>
    <ADI>AFGANİSTAN İSLAM CUMHURİYETİ</ADI>
    <KODU>AF</KODU>
    <MERNISKODU>9840</MERNISKODU>
    <AKTIF>true</AKTIF>
    <OLUSTURULMATARIHI>2016-12-09T19:56:20+03:00</OLUSTURULMATARIHI>
    <GUNCELLEMETARIHI>2016-12-09T19:56:20+03:00</GUNCELLEMETARIHI>
  </Table1>
  <Table1>
    <ADI>ARNAVUTLUK CUMHURİYETİ</ADI>
    <KODU>AL</KODU>
    <MERNISKODU>9841</MERNISKODU>
    <AKTIF>true</AKTIF>
    <OLUSTURULMATARIHI>2016-12-09T19:56:20+03:00</OLUSTURULMATARIHI>
    <GUNCELLEMETARIHI>2016-12-09T19:56:20+03:00</GUNCELLEMETARIHI>
  </Table1>
  <Table1>
    <ADI>CEZAYİR DEMOKRATİK HALK CUMHURİYETİ</ADI>
    <KODU>DZ</KODU>
    <MERNISKODU>9842</MERNISKODU>
    <AKTIF>true</AKTIF>
    <OLUSTURULMATARIHI>2016-12-09T19:56:20+03:00</OLUSTURULMATARIHI>
    <GUNCELLEMETARIHI>2016-12-09T19:56:20+03:00</GUNCELLEMETARIHI>
  </Table1>
  <Table1>
    <ADI>ANGOLA CUMHURİYETİ</ADI>
    <KODU>AO</KODU>
    <MERNISKODU>9843</MERNISKODU>
    <AKTIF>true</AKTIF>
    <OLUSTURULMATARIHI>2016-12-09T19:56:20+03:00</OLUSTURULMATARIHI>
    <GUNCELLEMETARIHI>2016-12-09T19:56:20+03:00</GUNCELLEMETARIHI>
  </Table1>
  <Table1>
    <ADI>ANTİGUA VE BARBUDA</ADI>
    <KODU>AG</KODU>
    <MERNISKODU>9844</MERNISKODU>
    <AKTIF>true</AKTIF>
    <OLUSTURULMATARIHI>2016-12-09T19:56:20+03:00</OLUSTURULMATARIHI>
    <GUNCELLEMETARIHI>2016-12-09T19:56:20+03:00</GUNCELLEMETARIHI>
  </Table1>
  <Table1>
    <ADI>ARJANTİN CUMHURİYETİ</ADI>
    <KODU>AR</KODU>
    <MERNISKODU>9845</MERNISKODU>
    <AKTIF>true</AKTIF>
    <OLUSTURULMATARIHI>2016-12-09T19:56:20+03:00</OLUSTURULMATARIHI>
    <GUNCELLEMETARIHI>2016-12-09T19:56:20+03:00</GUNCELLEMETARIHI>
  </Table1>
  <Table1>
    <ADI>AVUSTRALYA</ADI>
    <KODU>AU</KODU>
    <MERNISKODU>9846</MERNISKODU>
    <AKTIF>true</AKTIF>
    <OLUSTURULMATARIHI>2016-12-09T19:56:20+03:00</OLUSTURULMATARIHI>
    <GUNCELLEMETARIHI>2016-12-09T19:56:20+03:00</GUNCELLEMETARIHI>
  </Table1>
  <Table1>
    <ADI>AVUSTURYA CUMHURİYETİ</ADI>
    <KODU>AT</KODU>
    <MERNISKODU>9847</MERNISKODU>
    <AKTIF>true</AKTIF>
    <OLUSTURULMATARIHI>2016-12-09T19:56:20+03:00</OLUSTURULMATARIHI>
    <GUNCELLEMETARIHI>2016-12-09T19:56:20+03:00</GUNCELLEMETARIHI>
  </Table1>
  <Table1>
    <ADI>BAHAMALAR</ADI>
    <KODU>BS</KODU>
    <MERNISKODU>9848</MERNISKODU>
    <AKTIF>true</AKTIF>
    <OLUSTURULMATARIHI>2016-12-09T19:56:20+03:00</OLUSTURULMATARIHI>
    <GUNCELLEMETARIHI>2016-12-09T19:56:20+03:00</GUNCELLEMETARIHI>
  </Table1>
  <Table1>
    <ADI>BAHREYN KRALLIĞI</ADI>
    <KODU>BH</KODU>
    <MERNISKODU>9849</MERNISKODU>
    <AKTIF>true</AKTIF>
    <OLUSTURULMATARIHI>2016-12-09T19:56:20+03:00</OLUSTURULMATARIHI>
    <GUNCELLEMETARIHI>2016-12-09T19:56:20+03:00</GUNCELLEMETARIHI>
  </Table1>
  <Table1>
    <ADI>BANGLADEŞ HALK CUMHURİYETİ</ADI>
    <KODU>BD</KODU>
    <MERNISKODU>9850</MERNISKODU>
    <AKTIF>true</AKTIF>
    <OLUSTURULMATARIHI>2016-12-09T19:56:20+03:00</OLUSTURULMATARIHI>
    <GUNCELLEMETARIHI>2016-12-09T19:56:20+03:00</GUNCELLEMETARIHI>
  </Table1>
  <Table1>
    <ADI>BARBADOS</ADI>
    <KODU>BB</KODU>
    <MERNISKODU>9851</MERNISKODU>
    <AKTIF>true</AKTIF>
    <OLUSTURULMATARIHI>2016-12-09T19:56:20+03:00</OLUSTURULMATARIHI>
    <GUNCELLEMETARIHI>2016-12-09T19:56:20+03:00</GUNCELLEMETARIHI>
  </Table1>
  <Table1>
    <ADI>BELÇİKA KRALLIĞI</ADI>
    <KODU>BE</KODU>
    <MERNISKODU>9852</MERNISKODU>
    <AKTIF>true</AKTIF>
    <OLUSTURULMATARIHI>2016-12-09T19:56:20+03:00</OLUSTURULMATARIHI>
    <GUNCELLEMETARIHI>2016-12-09T19:56:20+03:00</GUNCELLEMETARIHI>
  </Table1>
  <Table1>
    <ADI>BELİZE</ADI>
    <KODU>BZ</KODU>
    <MERNISKODU>9853</MERNISKODU>
    <AKTIF>true</AKTIF>
    <OLUSTURULMATARIHI>2016-12-09T19:56:20+03:00</OLUSTURULMATARIHI>
    <GUNCELLEMETARIHI>2016-12-09T19:56:20+03:00</GUNCELLEMETARIHI>
  </Table1>
  <Table1>
    <ADI>BENİN CUMHURİYETİ</ADI>
    <KODU>BJ</KODU>
    <MERNISKODU>9854</MERNISKODU>
    <AKTIF>true</AKTIF>
    <OLUSTURULMATARIHI>2016-12-09T19:56:20+03:00</OLUSTURULMATARIHI>
    <GUNCELLEMETARIHI>2016-12-09T19:56:20+03:00</GUNCELLEMETARIHI>
  </Table1>
  <Table1>
    <ADI>BUTAN KRALLIĞI</ADI>
    <KODU>BT</KODU>
    <MERNISKODU>9855</MERNISKODU>
    <AKTIF>true</AKTIF>
    <OLUSTURULMATARIHI>2016-12-09T19:56:20+03:00</OLUSTURULMATARIHI>
    <GUNCELLEMETARIHI>2016-12-09T19:56:20+03:00</GUNCELLEMETARIHI>
  </Table1>
  <Table1>
    <ADI>BOLİVYA ÇOKULUSLU DEVLETİ</ADI>
    <KODU>BO</KODU>
    <MERNISKODU>9856</MERNISKODU>
    <AKTIF>true</AKTIF>
    <OLUSTURULMATARIHI>2016-12-09T19:56:21+03:00</OLUSTURULMATARIHI>
    <GUNCELLEMETARIHI>2016-12-09T19:56:21+03:00</GUNCELLEMETARIHI>
  </Table1>
  <Table1>
    <ADI>BOTSVANA CUMHURİYETİ</ADI>
    <KODU>BW</KODU>
    <MERNISKODU>9857</MERNISKODU>
    <AKTIF>true</AKTIF>
    <OLUSTURULMATARIHI>2016-12-09T19:56:21+03:00</OLUSTURULMATARIHI>
    <GUNCELLEMETARIHI>2016-12-09T19:56:21+03:00</GUNCELLEMETARIHI>
  </Table1>
  <Table1>
    <ADI>BREZİLYA FEDERATİF CUMHURİYETİ</ADI>
    <KODU>BR</KODU>
    <MERNISKODU>9858</MERNISKODU>
    <AKTIF>true</AKTIF>
    <OLUSTURULMATARIHI>2016-12-09T19:56:21+03:00</OLUSTURULMATARIHI>
    <GUNCELLEMETARIHI>2016-12-09T19:56:21+03:00</GUNCELLEMETARIHI>
  </Table1>
  <Table1>
    <ADI>BULGARİSTAN CUMHURİYETİ</ADI>
    <KODU>BG</KODU>
    <MERNISKODU>9859</MERNISKODU>
    <AKTIF>true</AKTIF>
    <OLUSTURULMATARIHI>2016-12-09T19:56:21+03:00</OLUSTURULMATARIHI>
    <GUNCELLEMETARIHI>2016-12-09T19:56:21+03:00</GUNCELLEMETARIHI>
  </Table1>
  <Table1>
    <ADI>BURMA</ADI>
    <KODU>MM</KODU>
    <MERNISKODU>9860</MERNISKODU>
    <AKTIF>true</AKTIF>
    <OLUSTURULMATARIHI>2016-12-09T19:56:21+03:00</OLUSTURULMATARIHI>
    <GUNCELLEMETARIHI>2016-12-09T19:56:21+03:00</GUNCELLEMETARIHI>
  </Table1>
  <Table1>
    <ADI>BURUNDİ CUMHURİYETİ</ADI>
    <KODU>BI</KODU>
    <MERNISKODU>9861</MERNISKODU>
    <AKTIF>true</AKTIF>
    <OLUSTURULMATARIHI>2016-12-09T19:56:21+03:00</OLUSTURULMATARIHI>
    <GUNCELLEMETARIHI>2016-12-09T19:56:21+03:00</GUNCELLEMETARIHI>
  </Table1>
  <Table1>
    <ADI>BAYLÖRUSYAN (SSC)</ADI>
    <KODU>XX</KODU>
    <MERNISKODU>9862</MERNISKODU>
    <AKTIF>false</AKTIF>
    <OLUSTURULMATARIHI>2016-12-09T19:56:21+03:00</OLUSTURULMATARIHI>
    <GUNCELLEMETARIHI>2016-12-09T19:56:21+03:00</GUNCELLEMETARIHI>
  </Table1>
  <Table1>
    <ADI>KANADA</ADI>
    <KODU>CA</KODU>
    <MERNISKODU>9863</MERNISKODU>
    <AKTIF>true</AKTIF>
    <OLUSTURULMATARIHI>2016-12-09T19:56:21+03:00</OLUSTURULMATARIHI>
    <GUNCELLEMETARIHI>2016-12-09T19:56:21+03:00</GUNCELLEMETARIHI>
  </Table1>
  <Table1>
    <ADI>CABO VERDE CUMHURİYETİ</ADI>
    <KODU>XX</KODU>
    <MERNISKODU>9864</MERNISKODU>
    <AKTIF>true</AKTIF>
    <OLUSTURULMATARIHI>2016-12-09T19:56:21+03:00</OLUSTURULMATARIHI>
    <GUNCELLEMETARIHI>2016-12-09T19:56:21+03:00</GUNCELLEMETARIHI>
  </Table1>
  <Table1>
    <ADI>ORTA AFRİKA CUMHURİYETİ</ADI>
    <KODU>XX</KODU>
    <MERNISKODU>9865</MERNISKODU>
    <AKTIF>true</AKTIF>
    <OLUSTURULMATARIHI>2016-12-09T19:56:21+03:00</OLUSTURULMATARIHI>
    <GUNCELLEMETARIHI>2016-12-09T19:56:21+03:00</GUNCELLEMETARIHI>
  </Table1>
  <Table1>
    <ADI>ÇAD CUMHURİYETİ</ADI>
    <KODU>TD</KODU>
    <MERNISKODU>9866</MERNISKODU>
    <AKTIF>true</AKTIF>
    <OLUSTURULMATARIHI>2016-12-09T19:56:21+03:00</OLUSTURULMATARIHI>
    <GUNCELLEMETARIHI>2016-12-09T19:56:21+03:00</GUNCELLEMETARIHI>
  </Table1>
  <Table1>
    <ADI>ŞİLİ CUMHURİYETİ</ADI>
    <KODU>CL</KODU>
    <MERNISKODU>9867</MERNISKODU>
    <AKTIF>true</AKTIF>
    <OLUSTURULMATARIHI>2016-12-09T19:56:21+03:00</OLUSTURULMATARIHI>
    <GUNCELLEMETARIHI>2016-12-09T19:56:21+03:00</GUNCELLEMETARIHI>
  </Table1>
  <Table1>
    <ADI>ÇİN HALK CUMHURİYETİ</ADI>
    <KODU>CN</KODU>
    <MERNISKODU>9868</MERNISKODU>
    <AKTIF>true</AKTIF>
    <OLUSTURULMATARIHI>2016-12-09T19:56:21+03:00</OLUSTURULMATARIHI>
    <GUNCELLEMETARIHI>2016-12-09T19:56:21+03:00</GUNCELLEMETARIHI>
  </Table1>
  <Table1>
    <ADI>KOLOMBİYA CUMHURİYETİ</ADI>
    <KODU>CO</KODU>
    <MERNISKODU>9869</MERNISKODU>
    <AKTIF>true</AKTIF>
    <OLUSTURULMATARIHI>2016-12-09T19:56:21+03:00</OLUSTURULMATARIHI>
    <GUNCELLEMETARIHI>2016-12-09T19:56:21+03:00</GUNCELLEMETARIHI>
  </Table1>
  <Table1>
    <ADI>KOMORLAR BİRLİĞİ</ADI>
    <KODU>KM</KODU>
    <MERNISKODU>9870</MERNISKODU>
    <AKTIF>true</AKTIF>
    <OLUSTURULMATARIHI>2016-12-09T19:56:21+03:00</OLUSTURULMATARIHI>
    <GUNCELLEMETARIHI>2016-12-09T19:56:21+03:00</GUNCELLEMETARIHI>
  </Table1>
  <Table1>
    <ADI>KONGO DEMOKRATİK CUMHURİYETİ</ADI>
    <KODU>CD</KODU>
    <MERNISKODU>9871</MERNISKODU>
    <AKTIF>true</AKTIF>
    <OLUSTURULMATARIHI>2016-12-09T19:56:21+03:00</OLUSTURULMATARIHI>
    <GUNCELLEMETARIHI>2016-12-09T19:56:21+03:00</GUNCELLEMETARIHI>
  </Table1>
  <Table1>
    <ADI>KOSTA RİKA CUMHURİYETİ</ADI>
    <KODU>CR</KODU>
    <MERNISKODU>9872</MERNISKODU>
    <AKTIF>true</AKTIF>
    <OLUSTURULMATARIHI>2016-12-09T19:56:21+03:00</OLUSTURULMATARIHI>
    <GUNCELLEMETARIHI>2016-12-09T19:56:21+03:00</GUNCELLEMETARIHI>
  </Table1>
  <Table1>
    <ADI>KÜBA CUMHURİYETİ</ADI>
    <KODU>CU</KODU>
    <MERNISKODU>9873</MERNISKODU>
    <AKTIF>true</AKTIF>
    <OLUSTURULMATARIHI>2016-12-09T19:56:21+03:00</OLUSTURULMATARIHI>
    <GUNCELLEMETARIHI>2016-12-09T19:56:21+03:00</GUNCELLEMETARIHI>
  </Table1>
  <Table1>
    <ADI>GÜNEY KIBRIS RUM YÖNETİMİ</ADI>
    <KODU>CY</KODU>
    <MERNISKODU>9874</MERNISKODU>
    <AKTIF>true</AKTIF>
    <OLUSTURULMATARIHI>2016-12-09T19:56:21+03:00</OLUSTURULMATARIHI>
    <GUNCELLEMETARIHI>2016-12-09T19:56:21+03:00</GUNCELLEMETARIHI>
  </Table1>
  <Table1>
    <ADI>KUZEY KIBRIS TÜRK CUMHURİYETİ</ADI>
    <KODU>KK</KODU>
    <MERNISKODU>9875</MERNISKODU>
    <AKTIF>true</AKTIF>
    <OLUSTURULMATARIHI>2016-12-09T19:56:21+03:00</OLUSTURULMATARIHI>
    <GUNCELLEMETARIHI>2016-12-09T19:56:21+03:00</GUNCELLEMETARIHI>
  </Table1>
  <Table1>
    <ADI>ÇEKOSLOVAKYA</ADI>
    <KODU>XX</KODU>
    <MERNISKODU>9876</MERNISKODU>
    <AKTIF>false</AKTIF>
    <OLUSTURULMATARIHI>2016-12-09T19:56:22+03:00</OLUSTURULMATARIHI>
    <GUNCELLEMETARIHI>2016-12-09T19:56:22+03:00</GUNCELLEMETARIHI>
  </Table1>
  <Table1>
    <ADI>KAMBOÇYA KRALLIĞI</ADI>
    <KODU>KH</KODU>
    <MERNISKODU>9877</MERNISKODU>
    <AKTIF>true</AKTIF>
    <OLUSTURULMATARIHI>2016-12-09T19:56:22+03:00</OLUSTURULMATARIHI>
    <GUNCELLEMETARIHI>2016-12-09T19:56:22+03:00</GUNCELLEMETARIHI>
  </Table1>
  <Table1>
    <ADI>DEMOKRATIK YEMEN</ADI>
    <KODU>YE</KODU>
    <MERNISKODU>9878</MERNISKODU>
    <AKTIF>false</AKTIF>
    <OLUSTURULMATARIHI>2016-12-09T19:56:22+03:00</OLUSTURULMATARIHI>
    <GUNCELLEMETARIHI>2016-12-09T19:56:22+03:00</GUNCELLEMETARIHI>
  </Table1>
  <Table1>
    <ADI>DANİMARKA KRALLIĞI</ADI>
    <KODU>DK</KODU>
    <MERNISKODU>9879</MERNISKODU>
    <AKTIF>true</AKTIF>
    <OLUSTURULMATARIHI>2016-12-09T19:56:22+03:00</OLUSTURULMATARIHI>
    <GUNCELLEMETARIHI>2016-12-09T19:56:22+03:00</GUNCELLEMETARIHI>
  </Table1>
  <Table1>
    <ADI>CİBUTİ CUMHURİYETİ</ADI>
    <KODU>DJ</KODU>
    <MERNISKODU>9880</MERNISKODU>
    <AKTIF>true</AKTIF>
    <OLUSTURULMATARIHI>2016-12-09T19:56:22+03:00</OLUSTURULMATARIHI>
    <GUNCELLEMETARIHI>2016-12-09T19:56:22+03:00</GUNCELLEMETARIHI>
  </Table1>
  <Table1>
    <ADI>DOMİNİKA</ADI>
    <KODU>DM</KODU>
    <MERNISKODU>9881</MERNISKODU>
    <AKTIF>true</AKTIF>
    <OLUSTURULMATARIHI>2016-12-09T19:56:22+03:00</OLUSTURULMATARIHI>
    <GUNCELLEMETARIHI>2016-12-09T19:56:22+03:00</GUNCELLEMETARIHI>
  </Table1>
  <Table1>
    <ADI>DOMİNİK CUMHURİYETİ</ADI>
    <KODU>DO</KODU>
    <MERNISKODU>9882</MERNISKODU>
    <AKTIF>true</AKTIF>
    <OLUSTURULMATARIHI>2016-12-09T19:56:22+03:00</OLUSTURULMATARIHI>
    <GUNCELLEMETARIHI>2016-12-09T19:56:22+03:00</GUNCELLEMETARIHI>
  </Table1>
  <Table1>
    <ADI>EKVATOR CUMHURİYETİ</ADI>
    <KODU>EC</KODU>
    <MERNISKODU>9883</MERNISKODU>
    <AKTIF>true</AKTIF>
    <OLUSTURULMATARIHI>2016-12-09T19:56:22+03:00</OLUSTURULMATARIHI>
    <GUNCELLEMETARIHI>2016-12-09T19:56:22+03:00</GUNCELLEMETARIHI>
  </Table1>
  <Table1>
    <ADI>MISIR ARAP CUMHURİYETİ</ADI>
    <KODU>EG</KODU>
    <MERNISKODU>9884</MERNISKODU>
    <AKTIF>true</AKTIF>
    <OLUSTURULMATARIHI>2016-12-09T19:56:22+03:00</OLUSTURULMATARIHI>
    <GUNCELLEMETARIHI>2016-12-09T19:56:22+03:00</GUNCELLEMETARIHI>
  </Table1>
  <Table1>
    <ADI>EL SALVADOR CUMHURİYETİ</ADI>
    <KODU>SV</KODU>
    <MERNISKODU>9885</MERNISKODU>
    <AKTIF>true</AKTIF>
    <OLUSTURULMATARIHI>2016-12-09T19:56:22+03:00</OLUSTURULMATARIHI>
    <GUNCELLEMETARIHI>2016-12-09T19:56:22+03:00</GUNCELLEMETARIHI>
  </Table1>
  <Table1>
    <ADI>EKVATOR GİNESİ CUMHURİYETİ</ADI>
    <KODU>GQ</KODU>
    <MERNISKODU>9886</MERNISKODU>
    <AKTIF>true</AKTIF>
    <OLUSTURULMATARIHI>2016-12-09T19:56:22+03:00</OLUSTURULMATARIHI>
    <GUNCELLEMETARIHI>2016-12-09T19:56:22+03:00</GUNCELLEMETARIHI>
  </Table1>
  <Table1>
    <ADI>ETİYOPYA FEDERAL DEMOKRATİK CUMHURİYETİ</ADI>
    <KODU>ET</KODU>
    <MERNISKODU>9887</MERNISKODU>
    <AKTIF>true</AKTIF>
    <OLUSTURULMATARIHI>2016-12-09T19:56:22+03:00</OLUSTURULMATARIHI>
    <GUNCELLEMETARIHI>2016-12-09T19:56:22+03:00</GUNCELLEMETARIHI>
  </Table1>
  <Table1>
    <ADI>FİJİ CUMHURİYETİ</ADI>
    <KODU>FJ</KODU>
    <MERNISKODU>9888</MERNISKODU>
    <AKTIF>true</AKTIF>
    <OLUSTURULMATARIHI>2016-12-09T19:56:22+03:00</OLUSTURULMATARIHI>
    <GUNCELLEMETARIHI>2016-12-09T19:56:22+03:00</GUNCELLEMETARIHI>
  </Table1>
  <Table1>
    <ADI>FİNLANDİYA CUMHURİYETİ</ADI>
    <KODU>FI</KODU>
    <MERNISKODU>9889</MERNISKODU>
    <AKTIF>true</AKTIF>
    <OLUSTURULMATARIHI>2016-12-09T19:56:22+03:00</OLUSTURULMATARIHI>
    <GUNCELLEMETARIHI>2016-12-09T19:56:22+03:00</GUNCELLEMETARIHI>
  </Table1>
  <Table1>
    <ADI>FRANSA CUMHURİYETİ</ADI>
    <KODU>FR</KODU>
    <MERNISKODU>9890</MERNISKODU>
    <AKTIF>true</AKTIF>
    <OLUSTURULMATARIHI>2016-12-09T19:56:22+03:00</OLUSTURULMATARIHI>
    <GUNCELLEMETARIHI>2016-12-09T19:56:22+03:00</GUNCELLEMETARIHI>
  </Table1>
  <Table1>
    <ADI>GABON CUMHURİYETİ</ADI>
    <KODU>GA</KODU>
    <MERNISKODU>9891</MERNISKODU>
    <AKTIF>true</AKTIF>
    <OLUSTURULMATARIHI>2016-12-09T19:56:22+03:00</OLUSTURULMATARIHI>
    <GUNCELLEMETARIHI>2016-12-09T19:56:22+03:00</GUNCELLEMETARIHI>
  </Table1>
  <Table1>
    <ADI>DEMOKRATİK ALMANYA</ADI>
    <KODU>XX</KODU>
    <MERNISKODU>9892</MERNISKODU>
    <AKTIF>false</AKTIF>
    <OLUSTURULMATARIHI>2016-12-09T19:56:22+03:00</OLUSTURULMATARIHI>
    <GUNCELLEMETARIHI>2016-12-09T19:56:22+03:00</GUNCELLEMETARIHI>
  </Table1>
  <Table1>
    <ADI>ALMANYA FEDERAL CUMHURİYETİ</ADI>
    <KODU>DE</KODU>
    <MERNISKODU>9893</MERNISKODU>
    <AKTIF>true</AKTIF>
    <OLUSTURULMATARIHI>2016-12-09T19:56:22+03:00</OLUSTURULMATARIHI>
    <GUNCELLEMETARIHI>2016-12-09T19:56:22+03:00</GUNCELLEMETARIHI>
  </Table1>
  <Table1>
    <ADI>GANA CUMHURİYETİ</ADI>
    <KODU>GH</KODU>
    <MERNISKODU>9894</MERNISKODU>
    <AKTIF>true</AKTIF>
    <OLUSTURULMATARIHI>2016-12-09T19:56:23+03:00</OLUSTURULMATARIHI>
    <GUNCELLEMETARIHI>2016-12-09T19:56:23+03:00</GUNCELLEMETARIHI>
  </Table1>
  <Table1>
    <ADI>YUNANİSTAN CUMHURİYETİ</ADI>
    <KODU>GR</KODU>
    <MERNISKODU>9895</MERNISKODU>
    <AKTIF>true</AKTIF>
    <OLUSTURULMATARIHI>2016-12-09T19:56:23+03:00</OLUSTURULMATARIHI>
    <GUNCELLEMETARIHI>2016-12-09T19:56:23+03:00</GUNCELLEMETARIHI>
  </Table1>
  <Table1>
    <ADI>GRENADA</ADI>
    <KODU>GD</KODU>
    <MERNISKODU>9896</MERNISKODU>
    <AKTIF>true</AKTIF>
    <OLUSTURULMATARIHI>2016-12-09T19:56:23+03:00</OLUSTURULMATARIHI>
    <GUNCELLEMETARIHI>2016-12-09T19:56:23+03:00</GUNCELLEMETARIHI>
  </Table1>
  <Table1>
    <ADI>GUATEMALA CUMHURİYETİ</ADI>
    <KODU>GT</KODU>
    <MERNISKODU>9897</MERNISKODU>
    <AKTIF>true</AKTIF>
    <OLUSTURULMATARIHI>2016-12-09T19:56:23+03:00</OLUSTURULMATARIHI>
    <GUNCELLEMETARIHI>2016-12-09T19:56:23+03:00</GUNCELLEMETARIHI>
  </Table1>
  <Table1>
    <ADI>GİNE CUMHURİYETİ</ADI>
    <KODU>GN</KODU>
    <MERNISKODU>9898</MERNISKODU>
    <AKTIF>true</AKTIF>
    <OLUSTURULMATARIHI>2016-12-09T19:56:23+03:00</OLUSTURULMATARIHI>
    <GUNCELLEMETARIHI>2016-12-09T19:56:23+03:00</GUNCELLEMETARIHI>
  </Table1>
  <Table1>
    <ADI>GİNE-BİSSAU CUMHURİYETİ</ADI>
    <KODU>GW</KODU>
    <MERNISKODU>9899</MERNISKODU>
    <AKTIF>true</AKTIF>
    <OLUSTURULMATARIHI>2016-12-09T19:56:23+03:00</OLUSTURULMATARIHI>
    <GUNCELLEMETARIHI>2016-12-09T19:56:23+03:00</GUNCELLEMETARIHI>
  </Table1>
  <Table1>
    <ADI>GUYANA KOOPERATİF CUMHURİYETİ</ADI>
    <KODU>GY</KODU>
    <MERNISKODU>9900</MERNISKODU>
    <AKTIF>true</AKTIF>
    <OLUSTURULMATARIHI>2016-12-09T19:56:23+03:00</OLUSTURULMATARIHI>
    <GUNCELLEMETARIHI>2016-12-09T19:56:23+03:00</GUNCELLEMETARIHI>
  </Table1>
  <Table1>
    <ADI>HAİTİ CUMHURİYETİ</ADI>
    <KODU>HT</KODU>
    <MERNISKODU>9901</MERNISKODU>
    <AKTIF>true</AKTIF>
    <OLUSTURULMATARIHI>2016-12-09T19:56:23+03:00</OLUSTURULMATARIHI>
    <GUNCELLEMETARIHI>2016-12-09T19:56:23+03:00</GUNCELLEMETARIHI>
  </Table1>
  <Table1>
    <ADI>HONDURAS CUMHURİYETİ</ADI>
    <KODU>HN</KODU>
    <MERNISKODU>9902</MERNISKODU>
    <AKTIF>true</AKTIF>
    <OLUSTURULMATARIHI>2016-12-09T19:56:23+03:00</OLUSTURULMATARIHI>
    <GUNCELLEMETARIHI>2016-12-09T19:56:23+03:00</GUNCELLEMETARIHI>
  </Table1>
  <Table1>
    <ADI>MACARİSTAN</ADI>
    <KODU>HU</KODU>
    <MERNISKODU>9903</MERNISKODU>
    <AKTIF>true</AKTIF>
    <OLUSTURULMATARIHI>2016-12-09T19:56:23+03:00</OLUSTURULMATARIHI>
    <GUNCELLEMETARIHI>2016-12-09T19:56:23+03:00</GUNCELLEMETARIHI>
  </Table1>
  <Table1>
    <ADI>İZLANDA CUMHURİYETİ</ADI>
    <KODU>IS</KODU>
    <MERNISKODU>9904</MERNISKODU>
    <AKTIF>true</AKTIF>
    <OLUSTURULMATARIHI>2016-12-09T19:56:23+03:00</OLUSTURULMATARIHI>
    <GUNCELLEMETARIHI>2016-12-09T19:56:23+03:00</GUNCELLEMETARIHI>
  </Table1>
  <Table1>
    <ADI>HİNDİSTAN CUMHURİYETİ</ADI>
    <KODU>IN</KODU>
    <MERNISKODU>9905</MERNISKODU>
    <AKTIF>true</AKTIF>
    <OLUSTURULMATARIHI>2016-12-09T19:56:23+03:00</OLUSTURULMATARIHI>
    <GUNCELLEMETARIHI>2016-12-09T19:56:23+03:00</GUNCELLEMETARIHI>
  </Table1>
  <Table1>
    <ADI>ENDONEZYA CUMHURİYETİ</ADI>
    <KODU>ID</KODU>
    <MERNISKODU>9906</MERNISKODU>
    <AKTIF>true</AKTIF>
    <OLUSTURULMATARIHI>2016-12-09T19:56:23+03:00</OLUSTURULMATARIHI>
    <GUNCELLEMETARIHI>2016-12-09T19:56:23+03:00</GUNCELLEMETARIHI>
  </Table1>
  <Table1>
    <ADI>İRAN İSLAM CUMHURİYETİ</ADI>
    <KODU>IR</KODU>
    <MERNISKODU>9907</MERNISKODU>
    <AKTIF>true</AKTIF>
    <OLUSTURULMATARIHI>2016-12-09T19:56:23+03:00</OLUSTURULMATARIHI>
    <GUNCELLEMETARIHI>2016-12-09T19:56:23+03:00</GUNCELLEMETARIHI>
  </Table1>
  <Table1>
    <ADI>IRAK CUMHURİYETİ</ADI>
    <KODU>IQ</KODU>
    <MERNISKODU>9908</MERNISKODU>
    <AKTIF>true</AKTIF>
    <OLUSTURULMATARIHI>2016-12-09T19:56:23+03:00</OLUSTURULMATARIHI>
    <GUNCELLEMETARIHI>2016-12-09T19:56:23+03:00</GUNCELLEMETARIHI>
  </Table1>
  <Table1>
    <ADI>İRLANDA CUMHURİYETİ</ADI>
    <KODU>IE</KODU>
    <MERNISKODU>9909</MERNISKODU>
    <AKTIF>true</AKTIF>
    <OLUSTURULMATARIHI>2016-12-09T19:56:23+03:00</OLUSTURULMATARIHI>
    <GUNCELLEMETARIHI>2016-12-09T19:56:23+03:00</GUNCELLEMETARIHI>
  </Table1>
  <Table1>
    <ADI>İSRAİL DEVLETİ</ADI>
    <KODU>IL</KODU>
    <MERNISKODU>9910</MERNISKODU>
    <AKTIF>true</AKTIF>
    <OLUSTURULMATARIHI>2016-12-09T19:56:23+03:00</OLUSTURULMATARIHI>
    <GUNCELLEMETARIHI>2016-12-09T19:56:23+03:00</GUNCELLEMETARIHI>
  </Table1>
  <Table1>
    <ADI>İTALYA CUMHURİYETİ</ADI>
    <KODU>IT</KODU>
    <MERNISKODU>9911</MERNISKODU>
    <AKTIF>true</AKTIF>
    <OLUSTURULMATARIHI>2016-12-09T19:56:23+03:00</OLUSTURULMATARIHI>
    <GUNCELLEMETARIHI>2016-12-09T19:56:23+03:00</GUNCELLEMETARIHI>
  </Table1>
  <Table1>
    <ADI>FİLDİŞİ SAHİLİ CUMHURİYETİ</ADI>
    <KODU>CI</KODU>
    <MERNISKODU>9912</MERNISKODU>
    <AKTIF>true</AKTIF>
    <OLUSTURULMATARIHI>2016-12-09T19:56:23+03:00</OLUSTURULMATARIHI>
    <GUNCELLEMETARIHI>2016-12-09T19:56:23+03:00</GUNCELLEMETARIHI>
  </Table1>
  <Table1>
    <ADI>JAMAİKA</ADI>
    <KODU>JM</KODU>
    <MERNISKODU>9913</MERNISKODU>
    <AKTIF>true</AKTIF>
    <OLUSTURULMATARIHI>2016-12-09T19:56:23+03:00</OLUSTURULMATARIHI>
    <GUNCELLEMETARIHI>2016-12-09T19:56:23+03:00</GUNCELLEMETARIHI>
  </Table1>
  <Table1>
    <ADI>JAPONYA</ADI>
    <KODU>JP</KODU>
    <MERNISKODU>9914</MERNISKODU>
    <AKTIF>true</AKTIF>
    <OLUSTURULMATARIHI>2016-12-09T19:56:24+03:00</OLUSTURULMATARIHI>
    <GUNCELLEMETARIHI>2016-12-09T19:56:24+03:00</GUNCELLEMETARIHI>
  </Table1>
  <Table1>
    <ADI>ÜRDÜN HAŞİMİ KRALLIĞI</ADI>
    <KODU>JO</KODU>
    <MERNISKODU>9915</MERNISKODU>
    <AKTIF>true</AKTIF>
    <OLUSTURULMATARIHI>2016-12-09T19:56:24+03:00</OLUSTURULMATARIHI>
    <GUNCELLEMETARIHI>2016-12-09T19:56:24+03:00</GUNCELLEMETARIHI>
  </Table1>
  <Table1>
    <ADI>KENYA CUMHURİYETİ</ADI>
    <KODU>KE</KODU>
    <MERNISKODU>9916</MERNISKODU>
    <AKTIF>true</AKTIF>
    <OLUSTURULMATARIHI>2016-12-09T19:56:24+03:00</OLUSTURULMATARIHI>
    <GUNCELLEMETARIHI>2016-12-09T19:56:24+03:00</GUNCELLEMETARIHI>
  </Table1>
  <Table1>
    <ADI>KUVEYT DEVLETİ</ADI>
    <KODU>KW</KODU>
    <MERNISKODU>9917</MERNISKODU>
    <AKTIF>true</AKTIF>
    <OLUSTURULMATARIHI>2016-12-09T19:56:24+03:00</OLUSTURULMATARIHI>
    <GUNCELLEMETARIHI>2016-12-09T19:56:24+03:00</GUNCELLEMETARIHI>
  </Table1>
  <Table1>
    <ADI>LAOS DEMOKRATİK HALK CUMHURİYETİ</ADI>
    <KODU>LA</KODU>
    <MERNISKODU>9918</MERNISKODU>
    <AKTIF>true</AKTIF>
    <OLUSTURULMATARIHI>2016-12-09T19:56:24+03:00</OLUSTURULMATARIHI>
    <GUNCELLEMETARIHI>2016-12-09T19:56:24+03:00</GUNCELLEMETARIHI>
  </Table1>
  <Table1>
    <ADI>LÜBNAN CUMHURİYETİ</ADI>
    <KODU>LB</KODU>
    <MERNISKODU>9919</MERNISKODU>
    <AKTIF>true</AKTIF>
    <OLUSTURULMATARIHI>2016-12-09T19:56:24+03:00</OLUSTURULMATARIHI>
    <GUNCELLEMETARIHI>2016-12-09T19:56:24+03:00</GUNCELLEMETARIHI>
  </Table1>
  <Table1>
    <ADI>LESOTHO KRALLIĞI</ADI>
    <KODU>LS</KODU>
    <MERNISKODU>9920</MERNISKODU>
    <AKTIF>true</AKTIF>
    <OLUSTURULMATARIHI>2016-12-09T19:56:24+03:00</OLUSTURULMATARIHI>
    <GUNCELLEMETARIHI>2016-12-09T19:56:24+03:00</GUNCELLEMETARIHI>
  </Table1>
  <Table1>
    <ADI>LİBERYA CUMHURİYETİ</ADI>
    <KODU>LR</KODU>
    <MERNISKODU>9921</MERNISKODU>
    <AKTIF>true</AKTIF>
    <OLUSTURULMATARIHI>2016-12-09T19:56:24+03:00</OLUSTURULMATARIHI>
    <GUNCELLEMETARIHI>2016-12-09T19:56:24+03:00</GUNCELLEMETARIHI>
  </Table1>
  <Table1>
    <ADI>LİBYA DEVLETİ</ADI>
    <KODU>LY</KODU>
    <MERNISKODU>9922</MERNISKODU>
    <AKTIF>true</AKTIF>
    <OLUSTURULMATARIHI>2016-12-09T19:56:24+03:00</OLUSTURULMATARIHI>
    <GUNCELLEMETARIHI>2016-12-09T19:56:24+03:00</GUNCELLEMETARIHI>
  </Table1>
  <Table1>
    <ADI>LİHTENŞTAYN PRENSLİĞİ</ADI>
    <KODU>LI</KODU>
    <MERNISKODU>9923</MERNISKODU>
    <AKTIF>true</AKTIF>
    <OLUSTURULMATARIHI>2016-12-09T19:56:24+03:00</OLUSTURULMATARIHI>
    <GUNCELLEMETARIHI>2016-12-09T19:56:24+03:00</GUNCELLEMETARIHI>
  </Table1>
  <Table1>
    <ADI>LÜKSEMBURG BÜYÜK DÜKALIĞI</ADI>
    <KODU>LU</KODU>
    <MERNISKODU>9924</MERNISKODU>
    <AKTIF>true</AKTIF>
    <OLUSTURULMATARIHI>2016-12-09T19:56:24+03:00</OLUSTURULMATARIHI>
    <GUNCELLEMETARIHI>2016-12-09T19:56:24+03:00</GUNCELLEMETARIHI>
  </Table1>
  <Table1>
    <ADI>MADAGASKAR CUMHURİYETİ</ADI>
    <KODU>MG</KODU>
    <MERNISKODU>9925</MERNISKODU>
    <AKTIF>true</AKTIF>
    <OLUSTURULMATARIHI>2016-12-09T19:56:24+03:00</OLUSTURULMATARIHI>
    <GUNCELLEMETARIHI>2016-12-09T19:56:24+03:00</GUNCELLEMETARIHI>
  </Table1>
  <Table1>
    <ADI>MALAVİ CUMHURİYETİ</ADI>
    <KODU>MW</KODU>
    <MERNISKODU>9926</MERNISKODU>
    <AKTIF>true</AKTIF>
    <OLUSTURULMATARIHI>2016-12-09T19:56:24+03:00</OLUSTURULMATARIHI>
    <GUNCELLEMETARIHI>2016-12-09T19:56:24+03:00</GUNCELLEMETARIHI>
  </Table1>
  <Table1>
    <ADI>MALEZYA</ADI>
    <KODU>MY</KODU>
    <MERNISKODU>9927</MERNISKODU>
    <AKTIF>true</AKTIF>
    <OLUSTURULMATARIHI>2016-12-09T19:56:24+03:00</OLUSTURULMATARIHI>
    <GUNCELLEMETARIHI>2016-12-09T19:56:24+03:00</GUNCELLEMETARIHI>
  </Table1>
  <Table1>
    <ADI>MALDİVLER CUMHURİYETİ</ADI>
    <KODU>MV</KODU>
    <MERNISKODU>9928</MERNISKODU>
    <AKTIF>true</AKTIF>
    <OLUSTURULMATARIHI>2016-12-09T19:56:24+03:00</OLUSTURULMATARIHI>
    <GUNCELLEMETARIHI>2016-12-09T19:56:24+03:00</GUNCELLEMETARIHI>
  </Table1>
  <Table1>
    <ADI>MALİ CUMHURİYETİ</ADI>
    <KODU>ML</KODU>
    <MERNISKODU>9929</MERNISKODU>
    <AKTIF>true</AKTIF>
    <OLUSTURULMATARIHI>2016-12-09T19:56:24+03:00</OLUSTURULMATARIHI>
    <GUNCELLEMETARIHI>2016-12-09T19:56:24+03:00</GUNCELLEMETARIHI>
  </Table1>
  <Table1>
    <ADI>MALTA CUMHURİYETİ</ADI>
    <KODU>MT</KODU>
    <MERNISKODU>9930</MERNISKODU>
    <AKTIF>true</AKTIF>
    <OLUSTURULMATARIHI>2016-12-09T19:56:24+03:00</OLUSTURULMATARIHI>
    <GUNCELLEMETARIHI>2016-12-09T19:56:24+03:00</GUNCELLEMETARIHI>
  </Table1>
  <Table1>
    <ADI>MORİTANYA İSLAM CUMHURİYETİ</ADI>
    <KODU>MR</KODU>
    <MERNISKODU>9931</MERNISKODU>
    <AKTIF>true</AKTIF>
    <OLUSTURULMATARIHI>2016-12-09T19:56:24+03:00</OLUSTURULMATARIHI>
    <GUNCELLEMETARIHI>2016-12-09T19:56:24+03:00</GUNCELLEMETARIHI>
  </Table1>
  <Table1>
    <ADI>MAURİTİUS CUMHURİYETİ</ADI>
    <KODU>MU</KODU>
    <MERNISKODU>9932</MERNISKODU>
    <AKTIF>true</AKTIF>
    <OLUSTURULMATARIHI>2016-12-09T19:56:25+03:00</OLUSTURULMATARIHI>
    <GUNCELLEMETARIHI>2016-12-09T19:56:25+03:00</GUNCELLEMETARIHI>
  </Table1>
  <Table1>
    <ADI>BİRLEŞİK MEKSİKA DEVLETLERİ</ADI>
    <KODU>M</KODU>
    <MERNISKODU>9933</MERNISKODU>
    <AKTIF>true</AKTIF>
    <OLUSTURULMATARIHI>2016-12-09T19:56:25+03:00</OLUSTURULMATARIHI>
    <GUNCELLEMETARIHI>2016-12-09T19:56:25+03:00</GUNCELLEMETARIHI>
  </Table1>
  <Table1>
    <ADI>MOĞOLİSTAN</ADI>
    <KODU>MN</KODU>
    <MERNISKODU>9934</MERNISKODU>
    <AKTIF>true</AKTIF>
    <OLUSTURULMATARIHI>2016-12-09T19:56:25+03:00</OLUSTURULMATARIHI>
    <GUNCELLEMETARIHI>2016-12-09T19:56:25+03:00</GUNCELLEMETARIHI>
  </Table1>
  <Table1>
    <ADI>FAS KRALLIĞI</ADI>
    <KODU>MA</KODU>
    <MERNISKODU>9935</MERNISKODU>
    <AKTIF>true</AKTIF>
    <OLUSTURULMATARIHI>2016-12-09T19:56:25+03:00</OLUSTURULMATARIHI>
    <GUNCELLEMETARIHI>2016-12-09T19:56:25+03:00</GUNCELLEMETARIHI>
  </Table1>
  <Table1>
    <ADI>MOZAMBİK CUMHURİYETİ</ADI>
    <KODU>MZ</KODU>
    <MERNISKODU>9936</MERNISKODU>
    <AKTIF>true</AKTIF>
    <OLUSTURULMATARIHI>2016-12-09T19:56:25+03:00</OLUSTURULMATARIHI>
    <GUNCELLEMETARIHI>2016-12-09T19:56:25+03:00</GUNCELLEMETARIHI>
  </Table1>
  <Table1>
    <ADI>NEPAL FEDERAL DEMOKRATİK CUMHURİYETİ</ADI>
    <KODU>NP</KODU>
    <MERNISKODU>9937</MERNISKODU>
    <AKTIF>true</AKTIF>
    <OLUSTURULMATARIHI>2016-12-09T19:56:25+03:00</OLUSTURULMATARIHI>
    <GUNCELLEMETARIHI>2016-12-09T19:56:25+03:00</GUNCELLEMETARIHI>
  </Table1>
  <Table1>
    <ADI>HOLLANDA KRALLIĞI</ADI>
    <KODU>NL</KODU>
    <MERNISKODU>9938</MERNISKODU>
    <AKTIF>true</AKTIF>
    <OLUSTURULMATARIHI>2016-12-09T19:56:25+03:00</OLUSTURULMATARIHI>
    <GUNCELLEMETARIHI>2016-12-09T19:56:25+03:00</GUNCELLEMETARIHI>
  </Table1>
  <Table1>
    <ADI>YENİ ZELANDA</ADI>
    <KODU>NZ</KODU>
    <MERNISKODU>9939</MERNISKODU>
    <AKTIF>true</AKTIF>
    <OLUSTURULMATARIHI>2016-12-09T19:56:25+03:00</OLUSTURULMATARIHI>
    <GUNCELLEMETARIHI>2016-12-09T19:56:25+03:00</GUNCELLEMETARIHI>
  </Table1>
  <Table1>
    <ADI>NİKARAGUA CUMHURİYETİ</ADI>
    <KODU>NI</KODU>
    <MERNISKODU>9940</MERNISKODU>
    <AKTIF>true</AKTIF>
    <OLUSTURULMATARIHI>2016-12-09T19:56:25+03:00</OLUSTURULMATARIHI>
    <GUNCELLEMETARIHI>2016-12-09T19:56:25+03:00</GUNCELLEMETARIHI>
  </Table1>
  <Table1>
    <ADI>NİJER CUMHURİYETİ</ADI>
    <KODU>NE</KODU>
    <MERNISKODU>9941</MERNISKODU>
    <AKTIF>true</AKTIF>
    <OLUSTURULMATARIHI>2016-12-09T19:56:25+03:00</OLUSTURULMATARIHI>
    <GUNCELLEMETARIHI>2016-12-09T19:56:25+03:00</GUNCELLEMETARIHI>
  </Table1>
  <Table1>
    <ADI>NİJERYA FEDERAL CUMHURİYETİ</ADI>
    <KODU>NG</KODU>
    <MERNISKODU>9942</MERNISKODU>
    <AKTIF>true</AKTIF>
    <OLUSTURULMATARIHI>2016-12-09T19:56:25+03:00</OLUSTURULMATARIHI>
    <GUNCELLEMETARIHI>2016-12-09T19:56:25+03:00</GUNCELLEMETARIHI>
  </Table1>
  <Table1>
    <ADI>NORVEÇ KRALLIĞI</ADI>
    <KODU>NO</KODU>
    <MERNISKODU>9943</MERNISKODU>
    <AKTIF>true</AKTIF>
    <OLUSTURULMATARIHI>2016-12-09T19:56:25+03:00</OLUSTURULMATARIHI>
    <GUNCELLEMETARIHI>2016-12-09T19:56:25+03:00</GUNCELLEMETARIHI>
  </Table1>
  <Table1>
    <ADI>UMMAN SULTANLIĞI</ADI>
    <KODU>OM</KODU>
    <MERNISKODU>9944</MERNISKODU>
    <AKTIF>true</AKTIF>
    <OLUSTURULMATARIHI>2016-12-09T19:56:25+03:00</OLUSTURULMATARIHI>
    <GUNCELLEMETARIHI>2016-12-09T19:56:25+03:00</GUNCELLEMETARIHI>
  </Table1>
  <Table1>
    <ADI>PAKİSTAN İSLAM CUMHURİYETİ</ADI>
    <KODU>PK</KODU>
    <MERNISKODU>9945</MERNISKODU>
    <AKTIF>true</AKTIF>
    <OLUSTURULMATARIHI>2016-12-09T19:56:25+03:00</OLUSTURULMATARIHI>
    <GUNCELLEMETARIHI>2016-12-09T19:56:25+03:00</GUNCELLEMETARIHI>
  </Table1>
  <Table1>
    <ADI>PANAMA CUMHURİYETİ</ADI>
    <KODU>PA</KODU>
    <MERNISKODU>9946</MERNISKODU>
    <AKTIF>true</AKTIF>
    <OLUSTURULMATARIHI>2016-12-09T19:56:25+03:00</OLUSTURULMATARIHI>
    <GUNCELLEMETARIHI>2016-12-09T19:56:25+03:00</GUNCELLEMETARIHI>
  </Table1>
  <Table1>
    <ADI>PAPUA YENİ GİNE BAĞIMSIZ DEVLETİ</ADI>
    <KODU>PG</KODU>
    <MERNISKODU>9947</MERNISKODU>
    <AKTIF>true</AKTIF>
    <OLUSTURULMATARIHI>2016-12-09T19:56:25+03:00</OLUSTURULMATARIHI>
    <GUNCELLEMETARIHI>2016-12-09T19:56:25+03:00</GUNCELLEMETARIHI>
  </Table1>
  <Table1>
    <ADI>PARAGUAY CUMHURİYETİ</ADI>
    <KODU>PY</KODU>
    <MERNISKODU>9948</MERNISKODU>
    <AKTIF>true</AKTIF>
    <OLUSTURULMATARIHI>2016-12-09T19:56:25+03:00</OLUSTURULMATARIHI>
    <GUNCELLEMETARIHI>2016-12-09T19:56:25+03:00</GUNCELLEMETARIHI>
  </Table1>
  <Table1>
    <ADI>PERU CUMHURİYETİ</ADI>
    <KODU>PE</KODU>
    <MERNISKODU>9949</MERNISKODU>
    <AKTIF>true</AKTIF>
    <OLUSTURULMATARIHI>2016-12-09T19:56:25+03:00</OLUSTURULMATARIHI>
    <GUNCELLEMETARIHI>2016-12-09T19:56:25+03:00</GUNCELLEMETARIHI>
  </Table1>
  <Table1>
    <ADI>FİLİPİNLER CUMHURİYETİ</ADI>
    <KODU>PH</KODU>
    <MERNISKODU>9950</MERNISKODU>
    <AKTIF>true</AKTIF>
    <OLUSTURULMATARIHI>2016-12-09T19:56:26+03:00</OLUSTURULMATARIHI>
    <GUNCELLEMETARIHI>2016-12-09T19:56:26+03:00</GUNCELLEMETARIHI>
  </Table1>
  <Table1>
    <ADI>POLONYA CUMHURİYETİ</ADI>
    <KODU>PL</KODU>
    <MERNISKODU>9951</MERNISKODU>
    <AKTIF>true</AKTIF>
    <OLUSTURULMATARIHI>2016-12-09T19:56:26+03:00</OLUSTURULMATARIHI>
    <GUNCELLEMETARIHI>2016-12-09T19:56:26+03:00</GUNCELLEMETARIHI>
  </Table1>
  <Table1>
    <ADI>PORTEKİZ CUMHURİYETİ</ADI>
    <KODU>PT</KODU>
    <MERNISKODU>9952</MERNISKODU>
    <AKTIF>true</AKTIF>
    <OLUSTURULMATARIHI>2016-12-09T19:56:26+03:00</OLUSTURULMATARIHI>
    <GUNCELLEMETARIHI>2016-12-09T19:56:26+03:00</GUNCELLEMETARIHI>
  </Table1>
  <Table1>
    <ADI>KATAR DEVLETİ</ADI>
    <KODU>QA</KODU>
    <MERNISKODU>9953</MERNISKODU>
    <AKTIF>true</AKTIF>
    <OLUSTURULMATARIHI>2016-12-09T19:56:26+03:00</OLUSTURULMATARIHI>
    <GUNCELLEMETARIHI>2016-12-09T19:56:26+03:00</GUNCELLEMETARIHI>
  </Table1>
  <Table1>
    <ADI>ROMANYA</ADI>
    <KODU>RO</KODU>
    <MERNISKODU>9954</MERNISKODU>
    <AKTIF>true</AKTIF>
    <OLUSTURULMATARIHI>2016-12-09T19:56:26+03:00</OLUSTURULMATARIHI>
    <GUNCELLEMETARIHI>2016-12-09T19:56:26+03:00</GUNCELLEMETARIHI>
  </Table1>
  <Table1>
    <ADI>RUANDA CUMHURİYETİ</ADI>
    <KODU>RW</KODU>
    <MERNISKODU>9955</MERNISKODU>
    <AKTIF>true</AKTIF>
    <OLUSTURULMATARIHI>2016-12-09T19:56:26+03:00</OLUSTURULMATARIHI>
    <GUNCELLEMETARIHI>2016-12-09T19:56:26+03:00</GUNCELLEMETARIHI>
  </Table1>
  <Table1>
    <ADI>SAİNT LUCİA</ADI>
    <KODU>LC</KODU>
    <MERNISKODU>9956</MERNISKODU>
    <AKTIF>true</AKTIF>
    <OLUSTURULMATARIHI>2016-12-09T19:56:26+03:00</OLUSTURULMATARIHI>
    <GUNCELLEMETARIHI>2016-12-09T19:56:26+03:00</GUNCELLEMETARIHI>
  </Table1>
  <Table1>
    <ADI>SAİNT VİNCENT VE GRENADİNLER</ADI>
    <KODU>VC</KODU>
    <MERNISKODU>9957</MERNISKODU>
    <AKTIF>true</AKTIF>
    <OLUSTURULMATARIHI>2016-12-09T19:56:26+03:00</OLUSTURULMATARIHI>
    <GUNCELLEMETARIHI>2016-12-09T19:56:26+03:00</GUNCELLEMETARIHI>
  </Table1>
  <Table1>
    <ADI>SAMOA BAĞIMSIZ DEVLETİ</ADI>
    <KODU>AS</KODU>
    <MERNISKODU>9958</MERNISKODU>
    <AKTIF>true</AKTIF>
    <OLUSTURULMATARIHI>2016-12-09T19:56:26+03:00</OLUSTURULMATARIHI>
    <GUNCELLEMETARIHI>2016-12-09T19:56:26+03:00</GUNCELLEMETARIHI>
  </Table1>
  <Table1>
    <ADI>SAO TOME VE PRİNCİPE DEMOKRATİK CUMHURİYETİ</ADI>
    <KODU>ST</KODU>
    <MERNISKODU>9959</MERNISKODU>
    <AKTIF>true</AKTIF>
    <OLUSTURULMATARIHI>2016-12-09T19:56:26+03:00</OLUSTURULMATARIHI>
    <GUNCELLEMETARIHI>2016-12-09T19:56:26+03:00</GUNCELLEMETARIHI>
  </Table1>
  <Table1>
    <ADI>SUUDİ ARABİSTAN KRALLIĞI</ADI>
    <KODU>SA</KODU>
    <MERNISKODU>9960</MERNISKODU>
    <AKTIF>true</AKTIF>
    <OLUSTURULMATARIHI>2016-12-09T19:56:26+03:00</OLUSTURULMATARIHI>
    <GUNCELLEMETARIHI>2016-12-09T19:56:26+03:00</GUNCELLEMETARIHI>
  </Table1>
  <Table1>
    <ADI>SENEGAL CUMHURİYETİ</ADI>
    <KODU>SN</KODU>
    <MERNISKODU>9961</MERNISKODU>
    <AKTIF>true</AKTIF>
    <OLUSTURULMATARIHI>2016-12-09T19:56:26+03:00</OLUSTURULMATARIHI>
    <GUNCELLEMETARIHI>2016-12-09T19:56:26+03:00</GUNCELLEMETARIHI>
  </Table1>
  <Table1>
    <ADI>SEYŞELLER CUMHURİYETİ</ADI>
    <KODU>SC</KODU>
    <MERNISKODU>9962</MERNISKODU>
    <AKTIF>true</AKTIF>
    <OLUSTURULMATARIHI>2016-12-09T19:56:26+03:00</OLUSTURULMATARIHI>
    <GUNCELLEMETARIHI>2016-12-09T19:56:26+03:00</GUNCELLEMETARIHI>
  </Table1>
  <Table1>
    <ADI>SİERRA LEONE CUMHURİYETİ</ADI>
    <KODU>SL</KODU>
    <MERNISKODU>9963</MERNISKODU>
    <AKTIF>true</AKTIF>
    <OLUSTURULMATARIHI>2016-12-09T19:56:27+03:00</OLUSTURULMATARIHI>
    <GUNCELLEMETARIHI>2016-12-09T19:56:27+03:00</GUNCELLEMETARIHI>
  </Table1>
  <Table1>
    <ADI>SİNGAPUR CUMHURİYETİ</ADI>
    <KODU>SG</KODU>
    <MERNISKODU>9964</MERNISKODU>
    <AKTIF>true</AKTIF>
    <OLUSTURULMATARIHI>2016-12-09T19:56:27+03:00</OLUSTURULMATARIHI>
    <GUNCELLEMETARIHI>2016-12-09T19:56:27+03:00</GUNCELLEMETARIHI>
  </Table1>
  <Table1>
    <ADI>SOLOMON ADALARI</ADI>
    <KODU>SB</KODU>
    <MERNISKODU>9965</MERNISKODU>
    <AKTIF>true</AKTIF>
    <OLUSTURULMATARIHI>2016-12-09T19:56:27+03:00</OLUSTURULMATARIHI>
    <GUNCELLEMETARIHI>2016-12-09T19:56:27+03:00</GUNCELLEMETARIHI>
  </Table1>
  <Table1>
    <ADI>SOMALİ FEDERAL CUMHURİYETİ</ADI>
    <KODU>SO</KODU>
    <MERNISKODU>9966</MERNISKODU>
    <AKTIF>true</AKTIF>
    <OLUSTURULMATARIHI>2016-12-09T19:56:27+03:00</OLUSTURULMATARIHI>
    <GUNCELLEMETARIHI>2016-12-09T19:56:27+03:00</GUNCELLEMETARIHI>
  </Table1>
  <Table1>
    <ADI>GÜNEY AFRİKA CUMHURİYETİ</ADI>
    <KODU>ZA</KODU>
    <MERNISKODU>9967</MERNISKODU>
    <AKTIF>true</AKTIF>
    <OLUSTURULMATARIHI>2016-12-09T19:56:27+03:00</OLUSTURULMATARIHI>
    <GUNCELLEMETARIHI>2016-12-09T19:56:27+03:00</GUNCELLEMETARIHI>
  </Table1>
  <Table1>
    <ADI>İSPANYA KRALLIĞI</ADI>
    <KODU>ES</KODU>
    <MERNISKODU>9968</MERNISKODU>
    <AKTIF>true</AKTIF>
    <OLUSTURULMATARIHI>2016-12-09T19:56:27+03:00</OLUSTURULMATARIHI>
    <GUNCELLEMETARIHI>2016-12-09T19:56:27+03:00</GUNCELLEMETARIHI>
  </Table1>
  <Table1>
    <ADI>SRİ LANKA DEMOKRATİK SOSYALİST CUMHURİYETİ</ADI>
    <KODU>LK</KODU>
    <MERNISKODU>9969</MERNISKODU>
    <AKTIF>true</AKTIF>
    <OLUSTURULMATARIHI>2016-12-09T19:56:27+03:00</OLUSTURULMATARIHI>
    <GUNCELLEMETARIHI>2016-12-09T19:56:27+03:00</GUNCELLEMETARIHI>
  </Table1>
  <Table1>
    <ADI>SUDAN CUMHURİYETİ</ADI>
    <KODU>SD</KODU>
    <MERNISKODU>9970</MERNISKODU>
    <AKTIF>true</AKTIF>
    <OLUSTURULMATARIHI>2016-12-09T19:56:27+03:00</OLUSTURULMATARIHI>
    <GUNCELLEMETARIHI>2016-12-09T19:56:27+03:00</GUNCELLEMETARIHI>
  </Table1>
  <Table1>
    <ADI>SURİNAM CUMHURİYETİ</ADI>
    <KODU>SR</KODU>
    <MERNISKODU>9971</MERNISKODU>
    <AKTIF>true</AKTIF>
    <OLUSTURULMATARIHI>2016-12-09T19:56:27+03:00</OLUSTURULMATARIHI>
    <GUNCELLEMETARIHI>2016-12-09T19:56:27+03:00</GUNCELLEMETARIHI>
  </Table1>
  <Table1>
    <ADI>SVAZİLAND KRALLIĞI</ADI>
    <KODU>SZ</KODU>
    <MERNISKODU>9972</MERNISKODU>
    <AKTIF>true</AKTIF>
    <OLUSTURULMATARIHI>2016-12-09T19:56:27+03:00</OLUSTURULMATARIHI>
    <GUNCELLEMETARIHI>2016-12-09T19:56:27+03:00</GUNCELLEMETARIHI>
  </Table1>
  <Table1>
    <ADI>İSVEÇ KRALLIĞI</ADI>
    <KODU>SE</KODU>
    <MERNISKODU>9973</MERNISKODU>
    <AKTIF>true</AKTIF>
    <OLUSTURULMATARIHI>2016-12-09T19:56:27+03:00</OLUSTURULMATARIHI>
    <GUNCELLEMETARIHI>2016-12-09T19:56:27+03:00</GUNCELLEMETARIHI>
  </Table1>
  <Table1>
    <ADI>İSVİÇRE KONFEDERASYONU</ADI>
    <KODU>CH</KODU>
    <MERNISKODU>9974</MERNISKODU>
    <AKTIF>true</AKTIF>
    <OLUSTURULMATARIHI>2016-12-09T19:56:27+03:00</OLUSTURULMATARIHI>
    <GUNCELLEMETARIHI>2016-12-09T19:56:27+03:00</GUNCELLEMETARIHI>
  </Table1>
  <Table1>
    <ADI>SURİYE ARAP CUMHURİYETİ</ADI>
    <KODU>SY</KODU>
    <MERNISKODU>9975</MERNISKODU>
    <AKTIF>true</AKTIF>
    <OLUSTURULMATARIHI>2016-12-09T19:56:27+03:00</OLUSTURULMATARIHI>
    <GUNCELLEMETARIHI>2016-12-09T19:56:27+03:00</GUNCELLEMETARIHI>
  </Table1>
  <Table1>
    <ADI>TAYLAND KRALLIĞI</ADI>
    <KODU>TH</KODU>
    <MERNISKODU>9976</MERNISKODU>
    <AKTIF>true</AKTIF>
    <OLUSTURULMATARIHI>2016-12-09T19:56:28+03:00</OLUSTURULMATARIHI>
    <GUNCELLEMETARIHI>2016-12-09T19:56:28+03:00</GUNCELLEMETARIHI>
  </Table1>
  <Table1>
    <ADI>TOGO CUMHURİYETİ</ADI>
    <KODU>TG</KODU>
    <MERNISKODU>9977</MERNISKODU>
    <AKTIF>true</AKTIF>
    <OLUSTURULMATARIHI>2016-12-09T19:56:28+03:00</OLUSTURULMATARIHI>
    <GUNCELLEMETARIHI>2016-12-09T19:56:28+03:00</GUNCELLEMETARIHI>
  </Table1>
  <Table1>
    <ADI>TRİNİDAD VE TOBAGO CUMHURİYETİ</ADI>
    <KODU>TT</KODU>
    <MERNISKODU>9978</MERNISKODU>
    <AKTIF>true</AKTIF>
    <OLUSTURULMATARIHI>2016-12-09T19:56:28+03:00</OLUSTURULMATARIHI>
    <GUNCELLEMETARIHI>2016-12-09T19:56:28+03:00</GUNCELLEMETARIHI>
  </Table1>
  <Table1>
    <ADI>TUNUS CUMHURİYETİ</ADI>
    <KODU>TN</KODU>
    <MERNISKODU>9979</MERNISKODU>
    <AKTIF>true</AKTIF>
    <OLUSTURULMATARIHI>2016-12-09T19:56:28+03:00</OLUSTURULMATARIHI>
    <GUNCELLEMETARIHI>2016-12-09T19:56:28+03:00</GUNCELLEMETARIHI>
  </Table1>
  <Table1>
    <ADI>TÜRKİYE CUMHURİYETİ</ADI>
    <KODU>TR</KODU>
    <MERNISKODU>9980</MERNISKODU>
    <AKTIF>true</AKTIF>
    <OLUSTURULMATARIHI>2016-12-09T19:56:28+03:00</OLUSTURULMATARIHI>
    <GUNCELLEMETARIHI>2016-12-09T19:56:28+03:00</GUNCELLEMETARIHI>
  </Table1>
  <Table1>
    <ADI>UGANDA CUMHURİYETİ</ADI>
    <KODU>UG</KODU>
    <MERNISKODU>9981</MERNISKODU>
    <AKTIF>true</AKTIF>
    <OLUSTURULMATARIHI>2016-12-09T19:56:28+03:00</OLUSTURULMATARIHI>
    <GUNCELLEMETARIHI>2016-12-09T19:56:28+03:00</GUNCELLEMETARIHI>
  </Table1>
  <Table1>
    <ADI>UKRAYNA SOV. SOS. CUM.</ADI>
    <KODU>UA</KODU>
    <MERNISKODU>9982</MERNISKODU>
    <AKTIF>false</AKTIF>
    <OLUSTURULMATARIHI>2016-12-09T19:56:28+03:00</OLUSTURULMATARIHI>
    <GUNCELLEMETARIHI>2016-12-09T19:56:28+03:00</GUNCELLEMETARIHI>
  </Table1>
  <Table1>
    <ADI>SOVYET SOS.CUM.BİR.</ADI>
    <KODU>XX</KODU>
    <MERNISKODU>9983</MERNISKODU>
    <AKTIF>false</AKTIF>
    <OLUSTURULMATARIHI>2016-12-09T19:56:28+03:00</OLUSTURULMATARIHI>
    <GUNCELLEMETARIHI>2016-12-09T19:56:28+03:00</GUNCELLEMETARIHI>
  </Table1>
  <Table1>
    <ADI>BİRLEŞİK ARAP EMİRLİKLERİ</ADI>
    <KODU>AE</KODU>
    <MERNISKODU>9984</MERNISKODU>
    <AKTIF>true</AKTIF>
    <OLUSTURULMATARIHI>2016-12-09T19:56:28+03:00</OLUSTURULMATARIHI>
    <GUNCELLEMETARIHI>2016-12-09T19:56:28+03:00</GUNCELLEMETARIHI>
  </Table1>
  <Table1>
    <ADI>BÜYÜK BRİTANYA VE KUZEY İRLANDA BİRLEŞİK KRALLIĞI</ADI>
    <KODU>GB</KODU>
    <MERNISKODU>9985</MERNISKODU>
    <AKTIF>true</AKTIF>
    <OLUSTURULMATARIHI>2016-12-09T19:56:28+03:00</OLUSTURULMATARIHI>
    <GUNCELLEMETARIHI>2016-12-09T19:56:28+03:00</GUNCELLEMETARIHI>
  </Table1>
  <Table1>
    <ADI>KAMERUN CUMHURİYETİ</ADI>
    <KODU>CM</KODU>
    <MERNISKODU>9986</MERNISKODU>
    <AKTIF>true</AKTIF>
    <OLUSTURULMATARIHI>2016-12-09T19:56:28+03:00</OLUSTURULMATARIHI>
    <GUNCELLEMETARIHI>2016-12-09T19:56:28+03:00</GUNCELLEMETARIHI>
  </Table1>
  <Table1>
    <ADI>TANZANYA BİRLEŞİK CUMHURİYETİ</ADI>
    <KODU>TZ</KODU>
    <MERNISKODU>9987</MERNISKODU>
    <AKTIF>true</AKTIF>
    <OLUSTURULMATARIHI>2016-12-09T19:56:28+03:00</OLUSTURULMATARIHI>
    <GUNCELLEMETARIHI>2016-12-09T19:56:28+03:00</GUNCELLEMETARIHI>
  </Table1>
  <Table1>
    <ADI>AMERİKA BİRLEŞİK DEVLETLERİ</ADI>
    <KODU>US</KODU>
    <MERNISKODU>9988</MERNISKODU>
    <AKTIF>true</AKTIF>
    <OLUSTURULMATARIHI>2016-12-09T19:56:28+03:00</OLUSTURULMATARIHI>
    <GUNCELLEMETARIHI>2016-12-09T19:56:28+03:00</GUNCELLEMETARIHI>
  </Table1>
  <Table1>
    <ADI>YUKARI VOLTA</ADI>
    <KODU>XX</KODU>
    <MERNISKODU>9989</MERNISKODU>
    <AKTIF>false</AKTIF>
    <OLUSTURULMATARIHI>2016-12-09T19:56:28+03:00</OLUSTURULMATARIHI>
    <GUNCELLEMETARIHI>2016-12-09T19:56:28+03:00</GUNCELLEMETARIHI>
  </Table1>
  <Table1>
    <ADI>URUGUAY DOĞU CUMHURİYETİ</ADI>
    <KODU>UY</KODU>
    <MERNISKODU>9990</MERNISKODU>
    <AKTIF>true</AKTIF>
    <OLUSTURULMATARIHI>2016-12-09T19:56:28+03:00</OLUSTURULMATARIHI>
    <GUNCELLEMETARIHI>2016-12-09T19:56:28+03:00</GUNCELLEMETARIHI>
  </Table1>
  <Table1>
    <ADI>VANUATU CUMHURİYETİ</ADI>
    <KODU>VU</KODU>
    <MERNISKODU>9991</MERNISKODU>
    <AKTIF>true</AKTIF>
    <OLUSTURULMATARIHI>2016-12-09T19:56:29+03:00</OLUSTURULMATARIHI>
    <GUNCELLEMETARIHI>2016-12-09T19:56:29+03:00</GUNCELLEMETARIHI>
  </Table1>
  <Table1>
    <ADI>BOLİVARCI VENEZUELA CUMHURİYETİ</ADI>
    <KODU>VE</KODU>
    <MERNISKODU>9992</MERNISKODU>
    <AKTIF>true</AKTIF>
    <OLUSTURULMATARIHI>2016-12-09T19:56:29+03:00</OLUSTURULMATARIHI>
    <GUNCELLEMETARIHI>2016-12-09T19:56:29+03:00</GUNCELLEMETARIHI>
  </Table1>
  <Table1>
    <ADI>VİETNAM SOSYALİST CUMHURİYETİ</ADI>
    <KODU>VN</KODU>
    <MERNISKODU>9993</MERNISKODU>
    <AKTIF>true</AKTIF>
    <OLUSTURULMATARIHI>2016-12-09T19:56:29+03:00</OLUSTURULMATARIHI>
    <GUNCELLEMETARIHI>2016-12-09T19:56:29+03:00</GUNCELLEMETARIHI>
  </Table1>
  <Table1>
    <ADI>YEMEN CUMHURİYETİ</ADI>
    <KODU>YM</KODU>
    <MERNISKODU>9994</MERNISKODU>
    <AKTIF>true</AKTIF>
    <OLUSTURULMATARIHI>2016-12-09T19:56:29+03:00</OLUSTURULMATARIHI>
    <GUNCELLEMETARIHI>2016-12-09T19:56:29+03:00</GUNCELLEMETARIHI>
  </Table1>
  <Table1>
    <ADI>SIRBİSTAN VE KARADAĞ</ADI>
    <KODU>CS</KODU>
    <MERNISKODU>9995</MERNISKODU>
    <AKTIF>false</AKTIF>
    <OLUSTURULMATARIHI>2016-12-09T19:56:29+03:00</OLUSTURULMATARIHI>
    <GUNCELLEMETARIHI>2016-12-09T19:56:29+03:00</GUNCELLEMETARIHI>
  </Table1>
  <Table1>
    <ADI>ZAİRE</ADI>
    <KODU>XX</KODU>
    <MERNISKODU>9996</MERNISKODU>
    <AKTIF>false</AKTIF>
    <OLUSTURULMATARIHI>2016-12-09T19:56:29+03:00</OLUSTURULMATARIHI>
    <GUNCELLEMETARIHI>2016-12-09T19:56:29+03:00</GUNCELLEMETARIHI>
  </Table1>
  <Table1>
    <ADI>ZAMBİYA CUMHURİYETİ</ADI>
    <KODU>ZM</KODU>
    <MERNISKODU>9997</MERNISKODU>
    <AKTIF>true</AKTIF>
    <OLUSTURULMATARIHI>2016-12-09T19:56:29+03:00</OLUSTURULMATARIHI>
    <GUNCELLEMETARIHI>2016-12-09T19:56:29+03:00</GUNCELLEMETARIHI>
  </Table1>
  <Table1>
    <ADI>ZİMBABVE CUMHURİYETİ</ADI>
    <KODU>ZW</KODU>
    <MERNISKODU>9998</MERNISKODU>
    <AKTIF>true</AKTIF>
    <OLUSTURULMATARIHI>2016-12-09T19:56:29+03:00</OLUSTURULMATARIHI>
    <GUNCELLEMETARIHI>2016-12-09T19:56:29+03:00</GUNCELLEMETARIHI>
  </Table1>
  <Table1>
    <ADI>VATANSIZ</ADI>
    <KODU>--</KODU>
    <MERNISKODU>8700</MERNISKODU>
    <AKTIF>true</AKTIF>
    <OLUSTURULMATARIHI>2021-09-08T14:00:43.72+03:00</OLUSTURULMATARIHI>
  </Table1>
</NewDataSet>